Group Name,Students,University : Score Rollup (from Students),Degree : Score Rollup (from Students),Career Trajectory : Score Rollup (from Students),Learning Habits : Score Rollup (from Students),Meet-up Distance : Score Rollup (from Students),Meet-up Mode : Score Rollup (from Students),Struggling Concepts : Score Rollup (from Students),Student Matches,Student-Group Matches (Group),Student-Group Matches (Best Match (AI)),Student-Group Matches (Groups 2),University (from Students),Degree (from Students),Career Goals (from Students),Learning Habits (from Students),Struggling Concepts (from Students),Meet-up Distance (from Students),Meet-up Mode (from Students)
Aisha Abdi ↔ Sophie Dubois,"Aisha Abdi,Sophie Dubois",70,100,70,70,70,70,100,,"Oluwaseun Adeyemi ↔ Aisha Abdi ↔ Sophie Dubois,Maya Cohen ↔ Aisha Abdi ↔ Sophie Dubois,Sara Ahmed ↔ Aisha Abdi ↔ Sophie Dubois,Ava Thompson ↔ Aisha Abdi ↔ Sophie Dubois,Samuel Lee ↔ Aisha Abdi ↔ Sophie Dubois",,,"Stanford University, Stanford University","Biology, Biology","Ecologist, Ecologist","Lab work, field research, Lab work, field research","Ecosystem dynamics, Ecosystem dynamics","10 miles, 10 miles","In Person, In Person"
Amina Yusuf ↔ Oscar Lindberg,"Amina Yusuf,Oscar Lindberg",90,90,90,90,90,90,90,,"Nour El-Din ↔ Amina Yusuf ↔ Oscar Lindberg,Juan Martinez ↔ Amina Yusuf ↔ Oscar Lindberg,Julia Nowak ↔ Amina Yusuf ↔ Oscar Lindberg,Jin Park ↔ Amina Yusuf ↔ Oscar Lindberg,Gabriel Souza ↔ Amina Yusuf ↔ Oscar Lindberg,Benjamin Cohen ↔ Amina Yusuf ↔ Oscar Lindberg,Yusuf Ali ↔ Amina Yusuf ↔ Oscar Lindberg,Mohammed Hassan ↔ Amina Yusuf ↔ Oscar Lindberg,Nia Williams ↔ Amina Yusuf ↔ Oscar Lindberg,Andres Gomez ↔ Amina Yusuf ↔ Oscar Lindberg,Arjun Desai ↔ Amina Yusuf ↔ Oscar Lindberg",,,"Massachusetts Institute of Technology (MIT), Massachusetts Institute of Technology (MIT)","Biology, Biology","Research scientist, Research scientist","Group study, flashcards, Group study, flashcards","Genetics, Genetics","8 miles, 8 miles","In Person, In Person"
Amina Yusuf ↔ Julia Nowak,"Amina Yusuf,Julia Nowak",90,90,90,90,90,90,90,,"Oscar Lindberg ↔ Amina Yusuf ↔ Julia Nowak,Jamal Carter ↔ Amina Yusuf ↔ Julia Nowak,Nour El-Din ↔ Amina Yusuf ↔ Julia Nowak,Juan Martinez ↔ Amina Yusuf ↔ Julia Nowak,Marta Kowalczyk ↔ Amina Yusuf ↔ Julia Nowak,Jin Park ↔ Amina Yusuf ↔ Julia Nowak,Mohamed Abdallah ↔ Amina Yusuf ↔ Julia Nowak,Gabriel Souza ↔ Amina Yusuf ↔ Julia Nowak,Benjamin Cohen ↔ Amina Yusuf ↔ Julia Nowak,Yusuf Ali ↔ Amina Yusuf ↔ Julia Nowak,Mohammed Hassan ↔ Amina Yusuf ↔ Julia Nowak,Nia Williams ↔ Amina Yusuf ↔ Julia Nowak,Andres Gomez ↔ Amina Yusuf ↔ Julia Nowak,Arjun Desai ↔ Amina Yusuf ↔ Julia Nowak",,,"Massachusetts Institute of Technology (MIT), Massachusetts Institute of Technology (MIT)","Biology, Biology","Research scientist, Research scientist","Group study, flashcards, Group study, flashcards","Genetics, Genetics","8 miles, 8 miles","In Person, In Person"
Ava Thompson ↔ Fatoumata Diallo,"Ava Thompson,Fatoumata Diallo",70,100,70,70,70,70,100,,"Maya Cohen ↔ Ava Thompson ↔ Fatoumata Diallo,Viktor Novak ↔ Ava Thompson ↔ Fatoumata Diallo,Sara Ahmed ↔ Ava Thompson ↔ Fatoumata Diallo,Samuel Lee ↔ Ava Thompson ↔ Fatoumata Diallo",,,"University of California, Los Angeles, University of California, Los Angeles","Biology, Biology","Ecologist, Ecologist","Lab work, field research, Lab work, field research","Ecosystem dynamics, Ecosystem dynamics","10 miles, 10 miles","In Person, In Person"
Emily Clark ↔ Mustafa Demir,"Emily Clark,Mustafa Demir",70,100,70,70,70,70,100,,Ava Thompson ↔ Emily Clark ↔ Mustafa Demir,,,"University of Texas at Austin, University of Texas at Austin","Biology, Biology","Ecologist, Ecologist","Lab work, field research, Lab work, field research","Ecosystem dynamics, Ecosystem dynamics","10 miles, 10 miles","In Person, In Person"
David Kim ↔ Isabella Rossi,"David Kim,Isabella Rossi",70,100,70,70,70,70,100,,,,,"Cornell University, Cornell University","Biology, Biology","Ecologist, Ecologist","Lab work, field research, Lab work, field research","Ecosystem dynamics, Ecosystem dynamics","10 miles, 10 miles","In Person, In Person"
Aisha Abdi ↔ Ava Thompson,"Aisha Abdi,Ava Thompson",70,100,70,70,70,70,100,,"Sophie Dubois ↔ Aisha Abdi ↔ Ava Thompson,Fatoumata Diallo ↔ Aisha Abdi ↔ Ava Thompson",,,"Stanford University, University of California, Los Angeles","Biology, Biology","Ecologist, Ecologist","Lab work, field research, Lab work, field research","Ecosystem dynamics, Ecosystem dynamics","10 miles, 10 miles","In Person, In Person"
Emily Clark ↔ Svetlana Ivanova,"Emily Clark,Svetlana Ivanova",70,100,70,70,70,70,100,,"Laila Rahman ↔ Emily Clark ↔ Svetlana Ivanova,Priya Patel ↔ Emily Clark ↔ Svetlana Ivanova,Chinonso Okafor ↔ Emily Clark ↔ Svetlana Ivanova,Noah Weber ↔ Emily Clark ↔ Svetlana Ivanova,Mustafa Demir ↔ Emily Clark ↔ Svetlana Ivanova,Maya Sharma ↔ Emily Clark ↔ Svetlana Ivanova,Ivan Petrov ↔ Emily Clark ↔ Svetlana Ivanova,Zara Ali ↔ Emily Clark ↔ Svetlana Ivanova",,,"University of Texas at Austin, Carnegie Mellon University","Biology, Biology","Ecologist, Ecologist","Lab work, field research, Lab work, field research","Ecosystem dynamics, Ecosystem dynamics","10 miles, 9 miles","In Person, In Person"
Grace Lee ↔ Ravi Kumar,"Grace Lee,Ravi Kumar",70,100,70,70,70,70,100,,"Hannah Müller ↔ Grace Lee ↔ Ravi Kumar,Chinonso Okafor ↔ Grace Lee ↔ Ravi Kumar,Rashid Khan ↔ Grace Lee ↔ Ravi Kumar",,,"University of California, San Diego, University of California, San Diego","Biology, Biology","Ecologist, Ecologist","Lab work, field research, Lab work, field research","Ecosystem dynamics, Ecosystem dynamics","9 miles, 10 miles","In Person, In Person"
Ivan Petrov ↔ Maya Sharma,"Ivan Petrov,Maya Sharma",70,100,70,70,70,70,100,,"Mikhail Orlov ↔ Ivan Petrov ↔ Maya Sharma,Laila Rahman ↔ Ivan Petrov ↔ Maya Sharma,Priya Patel ↔ Ivan Petrov ↔ Maya Sharma,Chinonso Okafor ↔ Ivan Petrov ↔ Maya Sharma,Yara Mansour ↔ Ivan Petrov ↔ Maya Sharma,Svetlana Ivanova ↔ Ivan Petrov ↔ Maya Sharma,Mariam Habib ↔ Ivan Petrov ↔ Maya Sharma",,,"Carnegie Mellon University, University of California, Berkeley","Biology, Biology","Ecologist, Ecologist","Lab work, field research, Lab work, field research","Ecosystem dynamics, Ecosystem dynamics","10 miles, 9 miles","In Person, In Person"
Kwame Boateng ↔ Laila Rahman,"Kwame Boateng,Laila Rahman",70,100,70,70,70,70,100,,"Priya Patel ↔ Kwame Boateng ↔ Laila Rahman,Leila Haddad ↔ Kwame Boateng ↔ Laila Rahman,Svetlana Ivanova ↔ Kwame Boateng ↔ Laila Rahman,Hiroshi Sato ↔ Kwame Boateng ↔ Laila Rahman,Ivan Petrov ↔ Kwame Boateng ↔ Laila Rahman",,,"Florida International University, Carnegie Mellon University","Biology, Biology","Ecologist, Ecologist","Lab work, field research, Lab work, field research","Ecosystem dynamics, Ecosystem dynamics","10 miles, 9 miles","In Person, In Person"
Laila Rahman ↔ Sophie Dubois,"Laila Rahman,Sophie Dubois",70,100,70,70,70,70,100,,"Aisha Abdi ↔ Laila Rahman ↔ Sophie Dubois,Sana Qureshi ↔ Laila Rahman ↔ Sophie Dubois,Svetlana Ivanova ↔ Laila Rahman ↔ Sophie Dubois,Ivan Petrov ↔ Laila Rahman ↔ Sophie Dubois",,,"Carnegie Mellon University, Stanford University","Biology, Biology","Ecologist, Ecologist","Lab work, field research, Lab work, field research","Ecosystem dynamics, Ecosystem dynamics","9 miles, 10 miles","In Person, In Person"
Chinonso Okafor ↔ Svetlana Ivanova,"Chinonso Okafor,Svetlana Ivanova",70,100,70,70,70,70,100,,Laila Rahman ↔ Chinonso Okafor ↔ Svetlana Ivanova,,,"University of Miami, Carnegie Mellon University","Biology, Biology","Ecologist, Ecologist","Lab work, field research, Lab work, field research","Ecosystem dynamics, Ecosystem dynamics","9 miles, 9 miles","In Person, In Person"
Emily Clark ↔ Grace Lee,"Emily Clark,Grace Lee",70,100,70,70,70,70,100,,"Ravi Kumar ↔ Emily Clark ↔ Grace Lee,Hannah Müller ↔ Emily Clark ↔ Grace Lee,Noah Weber ↔ Emily Clark ↔ Grace Lee,Mustafa Demir ↔ Emily Clark ↔ Grace Lee,Rashid Khan ↔ Emily Clark ↔ Grace Lee",,,"University of Texas at Austin, University of California, San Diego","Biology, Biology","Ecologist, Ecologist","Lab work, field research, Lab work, field research","Ecosystem dynamics, Ecosystem dynamics","10 miles, 9 miles","In Person, In Person"
Jin Park ↔ Nia Williams,"Jin Park,Nia Williams",90,90,90,90,90,90,90,,"Nour El-Din ↔ Jin Park ↔ Nia Williams,Juan Martinez ↔ Jin Park ↔ Nia Williams,Sienna Murphy ↔ Jin Park ↔ Nia Williams,Gabriel Souza ↔ Jin Park ↔ Nia Williams,Benjamin Cohen ↔ Jin Park ↔ Nia Williams,Mohammed Hassan ↔ Jin Park ↔ Nia Williams,Andres Gomez ↔ Jin Park ↔ Nia Williams,Arjun Desai ↔ Jin Park ↔ Nia Williams",,,"Georgia Institute of Technology, Stanford University","Biology, Biology","Research scientist, Research scientist","Group study, flashcards, Group study, flashcards","Genetics, Genetics","8 miles, 8 miles","In Person, In Person"
Ava Thompson ↔ Mariam Habib,"Ava Thompson,Mariam Habib",70,100,70,70,70,70,100,,"Yara Mansour ↔ Ava Thompson ↔ Mariam Habib,Fatoumata Diallo ↔ Ava Thompson ↔ Mariam Habib",,,"University of California, Los Angeles, University of California, Berkeley","Biology, Biology","Ecologist, Ecologist","Lab work, field research, Lab work, field research","Ecosystem dynamics, Ecosystem dynamics","10 miles, 10 miles","In Person, In Person"
Emily Clark ↔ Mikhail Orlov,"Emily Clark,Mikhail Orlov",70,100,70,70,70,70,100,,"Noah Weber ↔ Emily Clark ↔ Mikhail Orlov,Yara Mansour ↔ Emily Clark ↔ Mikhail Orlov,Mustafa Demir ↔ Emily Clark ↔ Mikhail Orlov,Maya Sharma ↔ Emily Clark ↔ Mikhail Orlov,Mariam Habib ↔ Emily Clark ↔ Mikhail Orlov",,,"University of Texas at Austin, University of California, Berkeley","Biology, Biology","Ecologist, Ecologist","Lab work, field research, Lab work, field research","Ecosystem dynamics, Ecosystem dynamics","10 miles, 9 miles","In Person, In Person"
Maya Cohen ↔ Ravi Kumar,"Maya Cohen,Ravi Kumar",70,100,70,70,70,70,100,,"Hannah Müller ↔ Maya Cohen ↔ Ravi Kumar,Sara Ahmed ↔ Maya Cohen ↔ Ravi Kumar",,,"Purdue University, University of California, San Diego","Biology, Biology","Ecologist, Ecologist","Lab work, field research, Lab work, field research","Ecosystem dynamics, Ecosystem dynamics","10 miles, 10 miles","In Person, In Person"
Grace Lee ↔ Maya Sharma,"Grace Lee,Maya Sharma",70,100,70,70,70,70,100,,"Mikhail Orlov ↔ Grace Lee ↔ Maya Sharma,Rashid Khan ↔ Grace Lee ↔ Maya Sharma",,,"University of California, San Diego, University of California, Berkeley","Biology, Biology","Ecologist, Ecologist","Lab work, field research, Lab work, field research","Ecosystem dynamics, Ecosystem dynamics","9 miles, 9 miles","In Person, In Person"
Amina Yusuf ↔ Nia Williams,"Amina Yusuf,Nia Williams",90,90,90,90,90,90,90,,"Oscar Lindberg ↔ Amina Yusuf ↔ Nia Williams,Julia Nowak ↔ Amina Yusuf ↔ Nia Williams,Sienna Murphy ↔ Amina Yusuf ↔ Nia Williams,Jin Park ↔ Amina Yusuf ↔ Nia Williams,Yusuf Ali ↔ Amina Yusuf ↔ Nia Williams",,,"Massachusetts Institute of Technology (MIT), Stanford University","Biology, Biology","Research scientist, Research scientist","Group study, flashcards, Group study, flashcards","Genetics, Genetics","8 miles, 8 miles","In Person, In Person"
Julia Nowak ↔ Mohammed Hassan,"Julia Nowak,Mohammed Hassan",90,90,90,90,90,90,90,,"Oscar Lindberg ↔ Julia Nowak ↔ Mohammed Hassan,Amina Yusuf ↔ Julia Nowak ↔ Mohammed Hassan,Nia Williams ↔ Julia Nowak ↔ Mohammed Hassan",,,"Massachusetts Institute of Technology (MIT), University of Miami","Biology, Biology","Research scientist, Research scientist","Group study, flashcards, Group study, flashcards","Genetics, Genetics","8 miles, 8 miles","In Person, In Person"
Chinonso Okafor ↔ Viktor Novak,"Chinonso Okafor,Viktor Novak",70,100,70,70,70,70,100,,,,,"University of Miami, University of California, Los Angeles","Biology, Biology","Ecologist, Ecologist","Lab work, field research, Lab work, field research","Ecosystem dynamics, Ecosystem dynamics","9 miles, 9 miles","In Person, In Person"
Maya Sharma ↔ Samuel Lee,"Maya Sharma,Samuel Lee",70,100,70,70,70,70,100,,"Mikhail Orlov ↔ Maya Sharma ↔ Samuel Lee,Thiago Pereira ↔ Maya Sharma ↔ Samuel Lee,Mariam Habib ↔ Maya Sharma ↔ Samuel Lee",,,"University of California, Berkeley, California Institute of Technology (Caltech)","Biology, Biology","Ecologist, Ecologist","Lab work, field research, Lab work, field research","Ecosystem dynamics, Ecosystem dynamics","9 miles, 10 miles","In Person, In Person"
Aisha Bello ↔ Noah Weber,"Aisha Bello,Noah Weber",70,100,70,70,70,70,100,,"Emily Clark ↔ Aisha Bello ↔ Noah Weber,Carlos Ramirez ↔ Aisha Bello ↔ Noah Weber,Ananya Singh ↔ Aisha Bello ↔ Noah Weber",,,"University of Illinois Urbana–Champaign, University of Texas at Austin","Biology, Biology","Ecologist, Ecologist","Lab work, field research, Lab work, field research","Ecosystem dynamics, Ecosystem dynamics","10 miles, 9 miles","In Person, In Person"
Aisha Bello ↔ Leila Haddad,"Aisha Bello,Leila Haddad",70,100,70,70,70,70,100,,"Carlos Ramirez ↔ Aisha Bello ↔ Leila Haddad,Kwame Boateng ↔ Aisha Bello ↔ Leila Haddad",,,"University of Illinois Urbana–Champaign, Florida International University","Biology, Biology","Ecologist, Ecologist","Lab work, field research, Lab work, field research","Ecosystem dynamics, Ecosystem dynamics","10 miles, 10 miles","In Person, In Person"
Mariam Habib ↔ Yara Mansour,"Mariam Habib,Yara Mansour",70,100,70,70,70,70,100,,,,,"University of California, Berkeley, University of California, Berkeley","Biology, Biology","Ecologist, Ecologist","Lab work, field research, Lab work, field research","Ecosystem dynamics, Ecosystem dynamics","10 miles, 10 miles","In Person, In Person"
Ivan Petrov ↔ Ravi Kumar,"Ivan Petrov,Ravi Kumar",70,100,70,70,70,70,100,,,,,"Carnegie Mellon University, University of California, San Diego","Biology, Biology","Ecologist, Ecologist","Lab work, field research, Lab work, field research","Ecosystem dynamics, Ecosystem dynamics","10 miles, 10 miles","In Person, In Person"
Carlos Ramirez ↔ Chinonso Okafor,"Carlos Ramirez,Chinonso Okafor",70,100,70,70,70,70,100,,"Mina Hassan ↔ Carlos Ramirez ↔ Chinonso Okafor,Aisha Bello ↔ Carlos Ramirez ↔ Chinonso Okafor,Ananya Singh ↔ Carlos Ramirez ↔ Chinonso Okafor",,,"University of Illinois Urbana–Champaign, University of Miami","Biology, Biology","Ecologist, Ecologist","Lab work, field research, Lab work, field research","Ecosystem dynamics, Ecosystem dynamics","10 miles, 9 miles","In Person, In Person"
Aisha Bello ↔ Sana Qureshi,"Aisha Bello,Sana Qureshi",70,100,70,70,70,70,100,,"Aisha Abdi ↔ Aisha Bello ↔ Sana Qureshi,Sophie Dubois ↔ Aisha Bello ↔ Sana Qureshi,Carlos Ramirez ↔ Aisha Bello ↔ Sana Qureshi,Ananya Singh ↔ Aisha Bello ↔ Sana Qureshi",,,"University of Illinois Urbana–Champaign, Stanford University","Biology, Biology","Ecologist, Ecologist","Lab work, field research, Lab work, field research","Ecosystem dynamics, Ecosystem dynamics","10 miles, 9 miles","In Person, In Person"
Jin Park ↔ Oscar Lindberg,"Jin Park,Oscar Lindberg",90,90,90,90,90,90,90,,"Julia Nowak ↔ Jin Park ↔ Oscar Lindberg,Amina Yusuf ↔ Jin Park ↔ Oscar Lindberg",,,"Georgia Institute of Technology, Massachusetts Institute of Technology (MIT)","Biology, Biology","Research scientist, Research scientist","Group study, flashcards, Group study, flashcards","Genetics, Genetics","8 miles, 8 miles","In Person, In Person"
Ananya Singh ↔ Ravi Kumar,"Ananya Singh,Ravi Kumar",70,100,70,70,70,70,100,,"Aisha Bello ↔ Ananya Singh ↔ Ravi Kumar,Grace Lee ↔ Ananya Singh ↔ Ravi Kumar",,,"University of Illinois Urbana–Champaign, University of California, San Diego","Biology, Biology","Ecologist, Ecologist","Lab work, field research, Lab work, field research","Ecosystem dynamics, Ecosystem dynamics","9 miles, 10 miles","In Person, In Person"
Andres Gomez ↔ Nia Williams,"Andres Gomez,Nia Williams",90,90,90,90,90,90,90,,"Jamal Carter ↔ Andres Gomez ↔ Nia Williams,Sienna Murphy ↔ Andres Gomez ↔ Nia Williams",,,"California Institute of Technology (Caltech), Stanford University","Biology, Biology","Research scientist, Research scientist","Group study, flashcards, Group study, flashcards","Genetics, Genetics","8 miles, 8 miles","In Person, In Person"
Grace Lee ↔ Zara Ali,"Grace Lee,Zara Ali",70,100,70,70,70,70,100,,,,,"University of California, San Diego, University of Michigan – Ann Arbor","Biology, Biology","Ecologist, Ecologist","Lab work, field research, Lab work, field research","Ecosystem dynamics, Ecosystem dynamics","9 miles, 9 miles","In Person, In Person"
Ananya Singh ↔ Maya Sharma,"Ananya Singh,Maya Sharma",70,100,70,70,70,70,100,,,,,"University of Illinois Urbana–Champaign, University of California, Berkeley","Biology, Biology","Ecologist, Ecologist","Lab work, field research, Lab work, field research","Ecosystem dynamics, Ecosystem dynamics","9 miles, 9 miles","In Person, In Person"
Grace Lee ↔ Hiroshi Sato,"Grace Lee,Hiroshi Sato",70,100,70,70,70,70,100,,,,,"University of California, San Diego, Florida International University","Biology, Biology","Ecologist, Ecologist","Lab work, field research, Lab work, field research","Ecosystem dynamics, Ecosystem dynamics","9 miles, 9 miles","In Person, In Person"
Grace Lee ↔ Samuel Lee,"Grace Lee,Samuel Lee",70,100,70,70,70,70,100,,"Ravi Kumar ↔ Grace Lee ↔ Samuel Lee,Thiago Pereira ↔ Grace Lee ↔ Samuel Lee",,,"University of California, San Diego, California Institute of Technology (Caltech)","Biology, Biology","Ecologist, Ecologist","Lab work, field research, Lab work, field research","Ecosystem dynamics, Ecosystem dynamics","9 miles, 10 miles","In Person, In Person"
Leila Haddad ↔ Rashid Khan,"Leila Haddad,Rashid Khan",70,100,70,70,70,70,100,,"Ravi Kumar ↔ Leila Haddad ↔ Rashid Khan,Grace Lee ↔ Leila Haddad ↔ Rashid Khan,Hiroshi Sato ↔ Leila Haddad ↔ Rashid Khan,Kwame Boateng ↔ Leila Haddad ↔ Rashid Khan",,,"Florida International University, University of California, San Diego","Biology, Biology","Ecologist, Ecologist","Lab work, field research, Lab work, field research","Ecosystem dynamics, Ecosystem dynamics","10 miles, 9 miles","In Person, In Person"
Emily Clark ↔ Hannah Müller,"Emily Clark,Hannah Müller",70,100,70,70,70,70,100,,,,,"University of Texas at Austin, University of California, San Diego","Biology, Biology","Ecologist, Ecologist","Lab work, field research, Lab work, field research","Ecosystem dynamics, Ecosystem dynamics","10 miles, 10 miles","In Person, In Person"
Isabella Rossi ↔ Mina Hassan,"Isabella Rossi,Mina Hassan",70,100,70,70,70,70,100,,David Kim ↔ Isabella Rossi ↔ Mina Hassan,,,"Cornell University, University of Miami","Biology, Biology","Ecologist, Ecologist","Lab work, field research, Lab work, field research","Ecosystem dynamics, Ecosystem dynamics","10 miles, 10 miles","In Person, In Person"
Ava Thompson ↔ Rashid Khan,"Ava Thompson,Rashid Khan",70,100,70,70,70,70,100,,"Viktor Novak ↔ Ava Thompson ↔ Rashid Khan,Grace Lee ↔ Ava Thompson ↔ Rashid Khan,Fatoumata Diallo ↔ Ava Thompson ↔ Rashid Khan",,,"University of California, Los Angeles, University of California, San Diego","Biology, Biology","Ecologist, Ecologist","Lab work, field research, Lab work, field research","Ecosystem dynamics, Ecosystem dynamics","10 miles, 9 miles","In Person, In Person"
Chinonso Okafor ↔ Sana Qureshi,"Chinonso Okafor,Sana Qureshi",70,100,70,70,70,70,100,,,,,"University of Miami, Stanford University","Biology, Biology","Ecologist, Ecologist","Lab work, field research, Lab work, field research","Ecosystem dynamics, Ecosystem dynamics","9 miles, 9 miles","In Person, In Person"
Aisha Bello ↔ Thiago Pereira,"Aisha Bello,Thiago Pereira",70,100,70,70,70,70,100,,Samuel Lee ↔ Aisha Bello ↔ Thiago Pereira,,,"University of Illinois Urbana–Champaign, California Institute of Technology (Caltech)","Biology, Biology","Ecologist, Ecologist","Lab work, field research, Lab work, field research","Ecosystem dynamics, Ecosystem dynamics","10 miles, 10 miles","In Person, In Person"
Ananya Singh ↔ Emily Clark,"Ananya Singh,Emily Clark",70,100,70,70,70,70,100,,Aisha Bello ↔ Ananya Singh ↔ Emily Clark,,,"University of Illinois Urbana–Champaign, University of Texas at Austin","Biology, Biology","Ecologist, Ecologist","Lab work, field research, Lab work, field research","Ecosystem dynamics, Ecosystem dynamics","9 miles, 10 miles","In Person, In Person"
Carlos Ramirez ↔ Ravi Kumar,"Carlos Ramirez,Ravi Kumar",70,100,70,70,70,70,100,,,,,"University of Illinois Urbana–Champaign, University of California, San Diego","Biology, Biology","Ecologist, Ecologist","Lab work, field research, Lab work, field research","Ecosystem dynamics, Ecosystem dynamics","10 miles, 10 miles","In Person, In Person"
Andres Gomez ↔ Oscar Lindberg,"Andres Gomez,Oscar Lindberg",90,90,90,90,90,90,90,,"Jamal Carter ↔ Andres Gomez ↔ Oscar Lindberg,Amina Yusuf ↔ Andres Gomez ↔ Oscar Lindberg",,,"California Institute of Technology (Caltech), Massachusetts Institute of Technology (MIT)","Biology, Biology","Research scientist, Research scientist","Group study, flashcards, Group study, flashcards","Genetics, Genetics","8 miles, 8 miles","In Person, In Person"
Lucas Evans ↔ Mikhail Orlov,"Lucas Evans,Mikhail Orlov",70,100,70,70,70,70,100,,"Elena Popova ↔ Lucas Evans ↔ Mikhail Orlov,Maya Sharma ↔ Lucas Evans ↔ Mikhail Orlov",,,"Cornell University, University of California, Berkeley","Biology, Biology","Ecologist, Ecologist","Lab work, field research, Lab work, field research","Ecosystem dynamics, Ecosystem dynamics","9 miles, 9 miles","In Person, In Person"
Aisha Abdi ↔ Hiroshi Sato,"Aisha Abdi,Hiroshi Sato",70,100,70,70,70,70,100,,"Sana Qureshi ↔ Aisha Abdi ↔ Hiroshi Sato,Sophie Dubois ↔ Aisha Abdi ↔ Hiroshi Sato,Leila Haddad ↔ Aisha Abdi ↔ Hiroshi Sato,Kwame Boateng ↔ Aisha Abdi ↔ Hiroshi Sato",,,"Stanford University, Florida International University","Biology, Biology","Ecologist, Ecologist","Lab work, field research, Lab work, field research","Ecosystem dynamics, Ecosystem dynamics","10 miles, 9 miles","In Person, In Person"
Ivan Petrov ↔ Kwame Boateng,"Ivan Petrov,Kwame Boateng",70,100,70,70,70,70,100,,Leila Haddad ↔ Ivan Petrov ↔ Kwame Boateng,,,"Carnegie Mellon University, Florida International University","Biology, Biology","Ecologist, Ecologist","Lab work, field research, Lab work, field research","Ecosystem dynamics, Ecosystem dynamics","10 miles, 10 miles","In Person, In Person"
Emily Clark ↔ Oluwaseun Adeyemi,"Emily Clark,Oluwaseun Adeyemi",70,100,70,70,70,70,100,,,,,"University of Texas at Austin, University of Michigan – Ann Arbor","Biology, Biology","Ecologist, Ecologist","Lab work, field research, Lab work, field research","Ecosystem dynamics, Ecosystem dynamics","10 miles, 10 miles","In Person, In Person"
Isabella Rossi ↔ Mariam Habib,"Isabella Rossi,Mariam Habib",70,100,70,70,70,70,100,,David Kim ↔ Isabella Rossi ↔ Mariam Habib,,,"Cornell University, University of California, Berkeley","Biology, Biology","Ecologist, Ecologist","Lab work, field research, Lab work, field research","Ecosystem dynamics, Ecosystem dynamics","10 miles, 10 miles","In Person, In Person"
Gabriel Souza ↔ Mohamed Abdallah,"Gabriel Souza,Mohamed Abdallah",90,90,90,90,90,90,90,,Marta Kowalczyk ↔ Gabriel Souza ↔ Mohamed Abdallah,,,"Cornell University, Purdue University","Biology, Biology","Research scientist, Research scientist","Group study, flashcards, Group study, flashcards","Genetics, Genetics","8 miles, 8 miles","In Person, In Person"
Chinonso Okafor ↔ Priya Patel,"Chinonso Okafor,Priya Patel",70,100,70,70,70,70,100,,Mina Hassan ↔ Chinonso Okafor ↔ Priya Patel,,,"University of Miami, Carnegie Mellon University","Biology, Biology","Ecologist, Ecologist","Lab work, field research, Lab work, field research","Ecosystem dynamics, Ecosystem dynamics","9 miles, 10 miles","In Person, In Person"
Kwame Boateng ↔ Zara Ali,"Kwame Boateng,Zara Ali",70,100,70,70,70,70,100,,"Oluwaseun Adeyemi ↔ Kwame Boateng ↔ Zara Ali,Hiroshi Sato ↔ Kwame Boateng ↔ Zara Ali",,,"Florida International University, University of Michigan – Ann Arbor","Biology, Biology","Ecologist, Ecologist","Lab work, field research, Lab work, field research","Ecosystem dynamics, Ecosystem dynamics","10 miles, 9 miles","In Person, In Person"
Elena Popova ↔ Mustafa Demir,"Elena Popova,Mustafa Demir",70,100,70,70,70,70,100,,"Isabella Rossi ↔ Elena Popova ↔ Mustafa Demir,Emily Clark ↔ Elena Popova ↔ Mustafa Demir,David Kim ↔ Elena Popova ↔ Mustafa Demir,Lucas Evans ↔ Elena Popova ↔ Mustafa Demir",,,"Cornell University, University of Texas at Austin","Biology, Biology","Ecologist, Ecologist","Lab work, field research, Lab work, field research","Ecosystem dynamics, Ecosystem dynamics","9 miles, 10 miles","In Person, In Person"
David Kim ↔ Sophie Dubois,"David Kim,Sophie Dubois",70,100,70,70,70,70,100,,"Aisha Abdi ↔ David Kim ↔ Sophie Dubois,Isabella Rossi ↔ David Kim ↔ Sophie Dubois",,,"Cornell University, Stanford University","Biology, Biology","Ecologist, Ecologist","Lab work, field research, Lab work, field research","Ecosystem dynamics, Ecosystem dynamics","10 miles, 10 miles","In Person, In Person"
Ava Thompson ↔ Chinonso Okafor,"Ava Thompson,Chinonso Okafor",70,100,70,70,70,70,100,,"Mina Hassan ↔ Ava Thompson ↔ Chinonso Okafor,Viktor Novak ↔ Ava Thompson ↔ Chinonso Okafor",,,"University of California, Los Angeles, University of Miami","Biology, Biology","Ecologist, Ecologist","Lab work, field research, Lab work, field research","Ecosystem dynamics, Ecosystem dynamics","10 miles, 9 miles","In Person, In Person"
Chinonso Okafor ↔ Emily Clark,"Chinonso Okafor,Emily Clark",70,100,70,70,70,70,100,,,,,"University of Miami, University of Texas at Austin","Biology, Biology","Ecologist, Ecologist","Lab work, field research, Lab work, field research","Ecosystem dynamics, Ecosystem dynamics","9 miles, 10 miles","In Person, In Person"
Carlos Ramirez ↔ Svetlana Ivanova,"Carlos Ramirez,Svetlana Ivanova",70,100,70,70,70,70,100,,,,,"University of Illinois Urbana–Champaign, Carnegie Mellon University","Biology, Biology","Ecologist, Ecologist","Lab work, field research, Lab work, field research","Ecosystem dynamics, Ecosystem dynamics","10 miles, 9 miles","In Person, In Person"
Arjun Desai ↔ Julia Nowak,"Arjun Desai,Julia Nowak",90,90,90,90,90,90,90,,,,,"Carnegie Mellon University, Massachusetts Institute of Technology (MIT)","Biology, Biology","Research scientist, Research scientist","Group study, flashcards, Group study, flashcards","Genetics, Genetics","8 miles, 8 miles","In Person, In Person"
Chinonso Okafor ↔ Mustafa Demir,"Chinonso Okafor,Mustafa Demir",70,100,70,70,70,70,100,,Emily Clark ↔ Chinonso Okafor ↔ Mustafa Demir,,,"University of Miami, University of Texas at Austin","Biology, Biology","Ecologist, Ecologist","Lab work, field research, Lab work, field research","Ecosystem dynamics, Ecosystem dynamics","9 miles, 10 miles","In Person, In Person"
Hannah Müller ↔ Hiroshi Sato,"Hannah Müller,Hiroshi Sato",70,100,70,70,70,70,100,,,,,"University of California, San Diego, Florida International University","Biology, Biology","Ecologist, Ecologist","Lab work, field research, Lab work, field research","Ecosystem dynamics, Ecosystem dynamics","10 miles, 9 miles","In Person, In Person"
Isabella Rossi ↔ Yara Mansour,"Isabella Rossi,Yara Mansour",70,100,70,70,70,70,100,,,,,"Cornell University, University of California, Berkeley","Biology, Biology","Ecologist, Ecologist","Lab work, field research, Lab work, field research","Ecosystem dynamics, Ecosystem dynamics","10 miles, 10 miles","In Person, In Person"
Aisha Abdi ↔ Svetlana Ivanova,"Aisha Abdi,Svetlana Ivanova",70,100,70,70,70,70,100,,Sana Qureshi ↔ Aisha Abdi ↔ Svetlana Ivanova,,,"Stanford University, Carnegie Mellon University","Biology, Biology","Ecologist, Ecologist","Lab work, field research, Lab work, field research","Ecosystem dynamics, Ecosystem dynamics","10 miles, 9 miles","In Person, In Person"
Laila Rahman ↔ Maya Sharma,"Laila Rahman,Maya Sharma",70,100,70,70,70,70,100,,,,,"Carnegie Mellon University, University of California, Berkeley","Biology, Biology","Ecologist, Ecologist","Lab work, field research, Lab work, field research","Ecosystem dynamics, Ecosystem dynamics","9 miles, 9 miles","In Person, In Person"
Amina Yusuf ↔ Marta Kowalczyk,"Amina Yusuf,Marta Kowalczyk",90,90,90,90,90,90,90,,Mohamed Abdallah ↔ Amina Yusuf ↔ Marta Kowalczyk,,,"Massachusetts Institute of Technology (MIT), Purdue University","Biology, Biology","Research scientist, Research scientist","Group study, flashcards, Group study, flashcards","Genetics, Genetics","8 miles, 8 miles","In Person, In Person"
Marta Kowalczyk ↔ Nour El-Din,"Marta Kowalczyk,Nour El-Din",90,90,90,90,90,90,90,,Mohamed Abdallah ↔ Marta Kowalczyk ↔ Nour El-Din,,,"Purdue University, University of Illinois Urbana–Champaign","Biology, Biology","Research scientist, Research scientist","Group study, flashcards, Group study, flashcards","Genetics, Genetics","8 miles, 8 miles","In Person, In Person"
Aisha Bello ↔ Hiroshi Sato,"Aisha Bello,Hiroshi Sato",70,100,70,70,70,70,100,,,,,"University of Illinois Urbana–Champaign, Florida International University","Biology, Biology","Ecologist, Ecologist","Lab work, field research, Lab work, field research","Ecosystem dynamics, Ecosystem dynamics","10 miles, 9 miles","In Person, In Person"
Isabella Rossi ↔ Kwame Boateng,"Isabella Rossi,Kwame Boateng",70,100,70,70,70,70,100,,,,,"Cornell University, Florida International University","Biology, Biology","Ecologist, Ecologist","Lab work, field research, Lab work, field research","Ecosystem dynamics, Ecosystem dynamics","10 miles, 10 miles","In Person, In Person"
Hannah Müller ↔ Isabella Rossi,"Hannah Müller,Isabella Rossi",70,100,70,70,70,70,100,,,,,"University of California, San Diego, Cornell University","Biology, Biology","Ecologist, Ecologist","Lab work, field research, Lab work, field research","Ecosystem dynamics, Ecosystem dynamics","10 miles, 10 miles","In Person, In Person"
David Kim ↔ Hiroshi Sato,"David Kim,Hiroshi Sato",70,100,70,70,70,70,100,,"Isabella Rossi ↔ David Kim ↔ Hiroshi Sato,Elena Popova ↔ David Kim ↔ Hiroshi Sato,Lucas Evans ↔ David Kim ↔ Hiroshi Sato",,,"Cornell University, Florida International University","Biology, Biology","Ecologist, Ecologist","Lab work, field research, Lab work, field research","Ecosystem dynamics, Ecosystem dynamics","10 miles, 9 miles","In Person, In Person"
Grace Lee ↔ Isabella Rossi,"Grace Lee,Isabella Rossi",70,100,70,70,70,70,100,,"Elena Popova ↔ Grace Lee ↔ Isabella Rossi,Lucas Evans ↔ Grace Lee ↔ Isabella Rossi",,,"University of California, San Diego, Cornell University","Biology, Biology","Ecologist, Ecologist","Lab work, field research, Lab work, field research","Ecosystem dynamics, Ecosystem dynamics","9 miles, 10 miles","In Person, In Person"
Hiroshi Sato ↔ Samuel Lee,"Hiroshi Sato,Samuel Lee",70,100,70,70,70,70,100,,Thiago Pereira ↔ Hiroshi Sato ↔ Samuel Lee,,,"Florida International University, California Institute of Technology (Caltech)","Biology, Biology","Ecologist, Ecologist","Lab work, field research, Lab work, field research","Ecosystem dynamics, Ecosystem dynamics","9 miles, 10 miles","In Person, In Person"
Ava Thompson ↔ Ivan Petrov,"Ava Thompson,Ivan Petrov",70,100,70,70,70,70,100,,,,,"University of California, Los Angeles, Carnegie Mellon University","Biology, Biology","Ecologist, Ecologist","Lab work, field research, Lab work, field research","Ecosystem dynamics, Ecosystem dynamics","10 miles, 10 miles","In Person, In Person"
Elena Popova ↔ Oluwaseun Adeyemi,"Elena Popova,Oluwaseun Adeyemi",70,100,70,70,70,70,100,,Zara Ali ↔ Elena Popova ↔ Oluwaseun Adeyemi,,,"Cornell University, University of Michigan – Ann Arbor","Biology, Biology","Ecologist, Ecologist","Lab work, field research, Lab work, field research","Ecosystem dynamics, Ecosystem dynamics","9 miles, 10 miles","In Person, In Person"
Elena Popova ↔ Emily Clark,"Elena Popova,Emily Clark",70,100,70,70,70,70,100,,,,,"Cornell University, University of Texas at Austin","Biology, Biology","Ecologist, Ecologist","Lab work, field research, Lab work, field research","Ecosystem dynamics, Ecosystem dynamics","9 miles, 10 miles","In Person, In Person"
Arjun Desai ↔ Mohammed Hassan,"Arjun Desai,Mohammed Hassan",90,90,90,90,90,90,90,,,,,"Carnegie Mellon University, University of Miami","Biology, Biology","Research scientist, Research scientist","Group study, flashcards, Group study, flashcards","Genetics, Genetics","8 miles, 8 miles","In Person, In Person"
Aisha Bello ↔ Lucas Evans,"Aisha Bello,Lucas Evans",70,100,70,70,70,70,100,,,,,"University of Illinois Urbana–Champaign, Cornell University","Biology, Biology","Ecologist, Ecologist","Lab work, field research, Lab work, field research","Ecosystem dynamics, Ecosystem dynamics","10 miles, 9 miles","In Person, In Person"
Jin Park ↔ Mohamed Abdallah,"Jin Park,Mohamed Abdallah",90,90,90,90,90,90,90,,Marta Kowalczyk ↔ Jin Park ↔ Mohamed Abdallah,,,"Georgia Institute of Technology, Purdue University","Biology, Biology","Research scientist, Research scientist","Group study, flashcards, Group study, flashcards","Genetics, Genetics","8 miles, 8 miles","In Person, In Person"
Laila Rahman ↔ Leila Haddad,"Laila Rahman,Leila Haddad",70,100,70,70,70,70,100,,,,,"Carnegie Mellon University, Florida International University","Biology, Biology","Ecologist, Ecologist","Lab work, field research, Lab work, field research","Ecosystem dynamics, Ecosystem dynamics","9 miles, 10 miles","In Person, In Person"
Isabella Rossi ↔ Ivan Petrov,"Isabella Rossi,Ivan Petrov",70,100,70,70,70,70,100,,,,,"Cornell University, Carnegie Mellon University","Biology, Biology","Ecologist, Ecologist","Lab work, field research, Lab work, field research","Ecosystem dynamics, Ecosystem dynamics","10 miles, 10 miles","In Person, In Person"
Grace Lee ↔ Oluwaseun Adeyemi,"Grace Lee,Oluwaseun Adeyemi",70,100,70,70,70,70,100,,Zara Ali ↔ Grace Lee ↔ Oluwaseun Adeyemi,,,"University of California, San Diego, University of Michigan – Ann Arbor","Biology, Biology","Ecologist, Ecologist","Lab work, field research, Lab work, field research","Ecosystem dynamics, Ecosystem dynamics","9 miles, 10 miles","In Person, In Person"
Benjamin Cohen ↔ Mohammed Hassan,"Benjamin Cohen,Mohammed Hassan",90,90,90,90,90,90,90,,,,,"University of California, Los Angeles, University of Miami","Biology, Biology","Research scientist, Research scientist","Group study, flashcards, Group study, flashcards","Genetics, Genetics","8 miles, 8 miles","In Person, In Person"
Aisha Bello ↔ Viktor Novak,"Aisha Bello,Viktor Novak",70,100,70,70,70,70,100,,Ava Thompson ↔ Aisha Bello ↔ Viktor Novak,,,"University of Illinois Urbana–Champaign, University of California, Los Angeles","Biology, Biology","Ecologist, Ecologist","Lab work, field research, Lab work, field research","Ecosystem dynamics, Ecosystem dynamics","10 miles, 9 miles","In Person, In Person"
David Kim ↔ Emily Clark,"David Kim,Emily Clark",70,100,70,70,70,70,100,,,,,"Cornell University, University of Texas at Austin","Biology, Biology","Ecologist, Ecologist","Lab work, field research, Lab work, field research","Ecosystem dynamics, Ecosystem dynamics","10 miles, 10 miles","In Person, In Person"
Hiroshi Sato ↔ Sara Ahmed,"Hiroshi Sato,Sara Ahmed",70,100,70,70,70,70,100,,Maya Cohen ↔ Hiroshi Sato ↔ Sara Ahmed,,,"Florida International University, Purdue University","Biology, Biology","Ecologist, Ecologist","Lab work, field research, Lab work, field research","Ecosystem dynamics, Ecosystem dynamics","9 miles, 10 miles","In Person, In Person"
Ivan Petrov ↔ Zara Ali,"Ivan Petrov,Zara Ali",70,100,70,70,70,70,100,,Oluwaseun Adeyemi ↔ Ivan Petrov ↔ Zara Ali,,,"Carnegie Mellon University, University of Michigan – Ann Arbor","Biology, Biology","Ecologist, Ecologist","Lab work, field research, Lab work, field research","Ecosystem dynamics, Ecosystem dynamics","10 miles, 9 miles","In Person, In Person"
Elena Popova ↔ Hannah Müller,"Elena Popova,Hannah Müller",70,100,70,70,70,70,100,,,,,"Cornell University, University of California, San Diego","Biology, Biology","Ecologist, Ecologist","Lab work, field research, Lab work, field research","Ecosystem dynamics, Ecosystem dynamics","9 miles, 10 miles","In Person, In Person"
Alex Kim ↔ Mia Schneider,"Alex Kim,Mia Schneider",95,90,100,70,95,95,90,,,,,"Stanford University, Carnegie Mellon University","Computer Science, Computer Science","Work in AI research, Work in AI research","Prefers group discussions, uses flashcards, Prefers group discussions, uses flashcards",Struggles with algorithms,"8 miles, 8 miles","Hybrid, Hybrid"
David Schmitt ↔ Laura Richter,"David Schmitt,Laura Richter",70,100,0,100,90,90,100,,Chloe Lewis ↔ David Schmitt ↔ Laura Richter,,,"California Institute of Technology (Caltech), Florida International University","Drama, Drama","Stage director, Stage director","Theatre productions, script analysis, Theatre productions, script analysis","Struggles with stage design, Struggles with stage design","10 miles, 10 miles","In Person, Online"
Chloe Lewis ↔ David Schmitt,"Chloe Lewis,David Schmitt",80,85,0,100,90,90,100,,Laura Richter ↔ Chloe Lewis ↔ David Schmitt,,,"University of Illinois Urbana–Champaign, California Institute of Technology (Caltech)","Drama, Drama","Stage director, Stage director","Theatre productions, script analysis, Theatre productions, script analysis",Struggles with stage design,"10 miles, 10 miles","Hybrid, In Person"
Chloe Lewis ↔ Laura Richter,"Chloe Lewis,Laura Richter",80,85,0,100,90,90,100,,David Schmitt ↔ Chloe Lewis ↔ Laura Richter,,,"University of Illinois Urbana–Champaign, Florida International University","Drama, Drama","Stage director, Stage director","Theatre productions, script analysis, Theatre productions, script analysis",Struggles with stage design,"10 miles, 10 miles","Hybrid, Online"
Alexei Ivanov ↔ Nadia Benali,"Alexei Ivanov,Nadia Benali",90,100,90,100,70,70,90,,,,,"University of California, Los Angeles, University of California, Los Angeles","Engineering, Engineering","Mechanical engineer, Mechanical engineer","Hands-on projects, group work, Hands-on projects, group work","Thermodynamics, Thermodynamics","9 miles, 9 miles","In Person, In Person"
Dariusz Kowalski ↔ Kevin Nguyen,"Dariusz Kowalski,Kevin Nguyen",90,100,90,100,70,70,90,,"Ahmed El-Sayed ↔ Dariusz Kowalski ↔ Kevin Nguyen,Wei Zhang ↔ Dariusz Kowalski ↔ Kevin Nguyen,Leah Stein ↔ Dariusz Kowalski ↔ Kevin Nguyen,Tariq Aziz ↔ Dariusz Kowalski ↔ Kevin Nguyen",,,"Georgia Institute of Technology, Georgia Institute of Technology","Engineering, Engineering","Mechanical engineer, Mechanical engineer","Hands-on projects, group work, Hands-on projects, group work","Thermodynamics, Thermodynamics","10 miles, 10 miles","In Person, In Person"
Dariusz Kowalski ↔ Wei Zhang,"Dariusz Kowalski,Wei Zhang",90,100,90,100,70,70,90,,"Ahmed El-Sayed ↔ Dariusz Kowalski ↔ Wei Zhang,Kevin Nguyen ↔ Dariusz Kowalski ↔ Wei Zhang,Leah Stein ↔ Dariusz Kowalski ↔ Wei Zhang,Tariq Aziz ↔ Dariusz Kowalski ↔ Wei Zhang",,,"Georgia Institute of Technology, Georgia Institute of Technology","Engineering, Engineering","Mechanical engineer, Mechanical engineer","Hands-on projects, group work, Hands-on projects, group work","Thermodynamics, Thermodynamics","10 miles, 10 miles","In Person, In Person"
Ethan Johnson ↔ Yuki Tanaka,"Ethan Johnson,Yuki Tanaka",90,100,90,100,70,70,90,,,,,"University of California, San Diego, University of California, San Diego","Engineering, Engineering","Mechanical engineer, Mechanical engineer","Hands-on projects, group work, Hands-on projects, group work","Thermodynamics, Thermodynamics","9 miles, 9 miles","In Person, In Person"
Fatima Al-Farsi ↔ Ivan Horvat,"Fatima Al-Farsi,Ivan Horvat",90,100,90,100,70,70,90,,"Lina Svensson ↔ Fatima Al-Farsi ↔ Ivan Horvat,Ahmed El-Sayed ↔ Fatima Al-Farsi ↔ Ivan Horvat,Leah Stein ↔ Fatima Al-Farsi ↔ Ivan Horvat,Tariq Aziz ↔ Fatima Al-Farsi ↔ Ivan Horvat",,,"California Institute of Technology (Caltech), California Institute of Technology (Caltech)","Engineering, Engineering","Mechanical engineer, Mechanical engineer","Hands-on projects, group work, Hands-on projects, group work","Thermodynamics, Thermodynamics","10 miles, 10 miles","In Person, In Person"
Fatima Al-Farsi ↔ Lina Svensson,"Fatima Al-Farsi,Lina Svensson",90,100,90,100,70,70,90,,Ivan Horvat ↔ Fatima Al-Farsi ↔ Lina Svensson,,,"California Institute of Technology (Caltech), California Institute of Technology (Caltech)","Engineering, Engineering","Mechanical engineer, Mechanical engineer","Hands-on projects, group work, Hands-on projects, group work","Thermodynamics, Thermodynamics","10 miles, 10 miles","In Person, In Person"
Hana Kimura ↔ Sofia Petrova,"Hana Kimura,Sofia Petrova",90,100,90,100,70,70,90,,,,,"University of Illinois Urbana–Champaign, University of Illinois Urbana–Champaign","Engineering, Engineering","Mechanical engineer, Mechanical engineer","Hands-on projects, group work, Hands-on projects, group work","Thermodynamics, Thermodynamics","10 miles, 10 miles","In Person, In Person"
Jacob Green ↔ Pedro Alvarez,"Jacob Green,Pedro Alvarez",90,100,90,100,70,70,90,,"Mateo Silva ↔ Jacob Green ↔ Pedro Alvarez,Anna Müller ↔ Jacob Green ↔ Pedro Alvarez,Aya Nakamura ↔ Jacob Green ↔ Pedro Alvarez,Omar Farouk ↔ Jacob Green ↔ Pedro Alvarez,Sibel Yilmaz ↔ Jacob Green ↔ Pedro Alvarez",,,"Cornell University, University of Michigan – Ann Arbor","Engineering, Engineering","Mechanical engineer, Mechanical engineer","Hands-on projects, group work, Hands-on projects, group work","Thermodynamics, Thermodynamics","9 miles, 10 miles","In Person, In Person"
Ahmed Hassan ↔ Anna Müller,"Ahmed Hassan,Anna Müller",90,100,90,100,70,70,90,,"Tomasz Nowak ↔ Ahmed Hassan ↔ Anna Müller,Jacob Green ↔ Ahmed Hassan ↔ Anna Müller,Mateo Silva ↔ Ahmed Hassan ↔ Anna Müller,Omar Farouk ↔ Ahmed Hassan ↔ Anna Müller,Samantha Evans ↔ Ahmed Hassan ↔ Anna Müller",,,"Purdue University, Cornell University","Engineering, Engineering","Mechanical engineer, Mechanical engineer","Hands-on projects, group work, Hands-on projects, group work","Thermodynamics, Thermodynamics","9 miles, 10 miles","In Person, In Person"
Ethan Johnson ↔ Lucas Meyer,"Ethan Johnson,Lucas Meyer",90,100,90,100,70,70,90,,"Linh Tran ↔ Ethan Johnson ↔ Lucas Meyer,Yuki Tanaka ↔ Ethan Johnson ↔ Lucas Meyer,Mateusz Zielinski ↔ Ethan Johnson ↔ Lucas Meyer,Ava Williams ↔ Ethan Johnson ↔ Lucas Meyer,Santiago Lopez ↔ Ethan Johnson ↔ Lucas Meyer",,,"University of California, San Diego, University of California, Berkeley","Engineering, Engineering","Mechanical engineer, Mechanical engineer","Hands-on projects, group work, Hands-on projects, group work","Thermodynamics, Thermodynamics","9 miles, 10 miles","In Person, In Person"
Ethan Johnson ↔ Tariq Aziz,"Ethan Johnson,Tariq Aziz",90,100,90,100,70,70,90,,"Linh Tran ↔ Ethan Johnson ↔ Tariq Aziz,Yuki Tanaka ↔ Ethan Johnson ↔ Tariq Aziz",,,"University of California, San Diego, University of Miami","Engineering, Engineering","Mechanical engineer, Mechanical engineer","Hands-on projects, group work, Hands-on projects, group work","Thermodynamics, Thermodynamics","9 miles, 10 miles","In Person, In Person"
Emily Brown ↔ Samantha Evans,"Emily Brown,Samantha Evans",90,100,90,100,70,70,90,,"Ahmed Hassan ↔ Emily Brown ↔ Samantha Evans,Lucas Martins ↔ Emily Brown ↔ Samantha Evans,Tomasz Nowak ↔ Emily Brown ↔ Samantha Evans",,,"Florida International University, Purdue University","Engineering, Engineering","Mechanical engineer, Mechanical engineer","Hands-on projects, group work, Hands-on projects, group work","Thermodynamics, Thermodynamics","10 miles, 10 miles","In Person, In Person"
Dariusz Kowalski ↔ Mateo Silva,"Dariusz Kowalski,Mateo Silva",90,100,90,100,70,70,90,,"Jacob Green ↔ Dariusz Kowalski ↔ Mateo Silva,Wei Zhang ↔ Dariusz Kowalski ↔ Mateo Silva,Kevin Nguyen ↔ Dariusz Kowalski ↔ Mateo Silva,Anna Müller ↔ Dariusz Kowalski ↔ Mateo Silva,Liam O'Connor ↔ Dariusz Kowalski ↔ Mateo Silva,Diego Torres ↔ Dariusz Kowalski ↔ Mateo Silva,Omar Farouk ↔ Dariusz Kowalski ↔ Mateo Silva",,,"Georgia Institute of Technology, Cornell University","Engineering, Engineering","Mechanical engineer, Mechanical engineer","Hands-on projects, group work, Hands-on projects, group work","Thermodynamics, Thermodynamics","10 miles, 9 miles","In Person, In Person"
Ethan Johnson ↔ Sofia Petrova,"Ethan Johnson,Sofia Petrova",90,100,90,100,70,70,90,,"Linh Tran ↔ Ethan Johnson ↔ Sofia Petrova,Yuki Tanaka ↔ Ethan Johnson ↔ Sofia Petrova,Victoria Smith ↔ Ethan Johnson ↔ Sofia Petrova,Hana Kimura ↔ Ethan Johnson ↔ Sofia Petrova",,,"University of California, San Diego, University of Illinois Urbana–Champaign","Engineering, Engineering","Mechanical engineer, Mechanical engineer","Hands-on projects, group work, Hands-on projects, group work","Thermodynamics, Thermodynamics","9 miles, 10 miles","In Person, In Person"
Alexei Ivanov ↔ Dariusz Kowalski,"Alexei Ivanov,Dariusz Kowalski",90,100,90,100,70,70,90,,"Nadia Benali ↔ Alexei Ivanov ↔ Dariusz Kowalski,Olivia Wilson ↔ Alexei Ivanov ↔ Dariusz Kowalski,Wei Zhang ↔ Alexei Ivanov ↔ Dariusz Kowalski,Kevin Nguyen ↔ Alexei Ivanov ↔ Dariusz Kowalski,Liam O'Connor ↔ Alexei Ivanov ↔ Dariusz Kowalski,Diego Torres ↔ Alexei Ivanov ↔ Dariusz Kowalski",,,"University of California, Los Angeles, Georgia Institute of Technology","Engineering, Engineering","Mechanical engineer, Mechanical engineer","Hands-on projects, group work, Hands-on projects, group work","Thermodynamics, Thermodynamics","9 miles, 10 miles","In Person, In Person"
Ahmed Hassan ↔ Olivia Wilson,"Ahmed Hassan,Olivia Wilson",90,100,90,100,70,70,90,,"Tomasz Nowak ↔ Ahmed Hassan ↔ Olivia Wilson,Nadia Benali ↔ Ahmed Hassan ↔ Olivia Wilson,Alexei Ivanov ↔ Ahmed Hassan ↔ Olivia Wilson,Samantha Evans ↔ Ahmed Hassan ↔ Olivia Wilson",,,"Purdue University, University of California, Los Angeles","Engineering, Engineering","Mechanical engineer, Mechanical engineer","Hands-on projects, group work, Hands-on projects, group work","Thermodynamics, Thermodynamics","9 miles, 10 miles","In Person, In Person"
Fatima Al-Farsi ↔ Leah Stein,"Fatima Al-Farsi,Leah Stein",90,100,90,100,70,70,90,,"Lina Svensson ↔ Fatima Al-Farsi ↔ Leah Stein,Ivan Horvat ↔ Fatima Al-Farsi ↔ Leah Stein",,,"California Institute of Technology (Caltech), Massachusetts Institute of Technology (MIT)","Engineering, Engineering","Mechanical engineer, Mechanical engineer","Hands-on projects, group work, Hands-on projects, group work","Thermodynamics, Thermodynamics","10 miles, 10 miles","In Person, In Person"
Maria Rodriguez ↔ Victoria Smith,"Maria Rodriguez,Victoria Smith",90,100,90,100,70,70,90,,,,,"Stanford University, University of Illinois Urbana–Champaign","Engineering, Engineering","Mechanical engineer, Mechanical engineer","Hands-on projects, group work, Hands-on projects, group work","Thermodynamics, Thermodynamics","9 miles, 9 miles","In Person, In Person"
Lucas Meyer ↔ Wei Zhang,"Lucas Meyer,Wei Zhang",90,100,90,100,70,70,90,,"Dariusz Kowalski ↔ Lucas Meyer ↔ Wei Zhang,Mateusz Zielinski ↔ Lucas Meyer ↔ Wei Zhang,Santiago Lopez ↔ Lucas Meyer ↔ Wei Zhang",,,"University of California, Berkeley, Georgia Institute of Technology","Engineering, Engineering","Mechanical engineer, Mechanical engineer","Hands-on projects, group work, Hands-on projects, group work","Thermodynamics, Thermodynamics","10 miles, 10 miles","In Person, In Person"
Leah Stein ↔ Lina Svensson,"Leah Stein,Lina Svensson",90,100,90,100,70,70,90,,"Ivan Horvat ↔ Leah Stein ↔ Lina Svensson,Fatima Al-Farsi ↔ Leah Stein ↔ Lina Svensson",,,"Massachusetts Institute of Technology (MIT), California Institute of Technology (Caltech)","Engineering, Engineering","Mechanical engineer, Mechanical engineer","Hands-on projects, group work, Hands-on projects, group work","Thermodynamics, Thermodynamics","10 miles, 10 miles","In Person, In Person"
Aya Nakamura ↔ Lucas Meyer,"Aya Nakamura,Lucas Meyer",90,100,90,100,70,70,90,,"Pedro Alvarez ↔ Aya Nakamura ↔ Lucas Meyer,Mateusz Zielinski ↔ Aya Nakamura ↔ Lucas Meyer,Santiago Lopez ↔ Aya Nakamura ↔ Lucas Meyer",,,"University of Michigan – Ann Arbor, University of California, Berkeley","Engineering, Engineering","Mechanical engineer, Mechanical engineer","Hands-on projects, group work, Hands-on projects, group work","Thermodynamics, Thermodynamics","10 miles, 10 miles","In Person, In Person"
Aaliyah Mohammed ↔ Ahmed El-Sayed,"Aaliyah Mohammed,Ahmed El-Sayed",90,100,90,100,70,70,90,,Lucas Oliveira ↔ Aaliyah Mohammed ↔ Ahmed El-Sayed,,,"Carnegie Mellon University, University of Texas at Austin","Engineering, Engineering","Mechanical engineer, Mechanical engineer","Hands-on projects, group work, Hands-on projects, group work","Thermodynamics, Thermodynamics","10 miles, 10 miles","In Person, In Person"
Ahmed Hassan ↔ Ivan Horvat,"Ahmed Hassan,Ivan Horvat",90,100,90,100,70,70,90,,"Lina Svensson ↔ Ahmed Hassan ↔ Ivan Horvat,Fatima Al-Farsi ↔ Ahmed Hassan ↔ Ivan Horvat,Samantha Evans ↔ Ahmed Hassan ↔ Ivan Horvat",,,"Purdue University, California Institute of Technology (Caltech)","Engineering, Engineering","Mechanical engineer, Mechanical engineer","Hands-on projects, group work, Hands-on projects, group work","Thermodynamics, Thermodynamics","9 miles, 10 miles","In Person, In Person"
Lina Svensson ↔ Omar Farouk,"Lina Svensson,Omar Farouk",90,100,90,100,70,70,90,,"Jacob Green ↔ Lina Svensson ↔ Omar Farouk,Fatima Al-Farsi ↔ Lina Svensson ↔ Omar Farouk,Mateo Silva ↔ Lina Svensson ↔ Omar Farouk,Anna Müller ↔ Lina Svensson ↔ Omar Farouk",,,"California Institute of Technology (Caltech), Cornell University","Engineering, Engineering","Mechanical engineer, Mechanical engineer","Hands-on projects, group work, Hands-on projects, group work","Thermodynamics, Thermodynamics","10 miles, 9 miles","In Person, In Person"
Emily Brown ↔ Hana Kimura,"Emily Brown,Hana Kimura",90,100,90,100,70,70,90,,"Lucas Martins ↔ Emily Brown ↔ Hana Kimura,Sofia Petrova ↔ Emily Brown ↔ Hana Kimura",,,"Florida International University, University of Illinois Urbana–Champaign","Engineering, Engineering","Mechanical engineer, Mechanical engineer","Hands-on projects, group work, Hands-on projects, group work","Thermodynamics, Thermodynamics","10 miles, 10 miles","In Person, In Person"
Dariusz Kowalski ↔ Yuki Tanaka,"Dariusz Kowalski,Yuki Tanaka",90,100,90,100,70,70,90,,"Ethan Johnson ↔ Dariusz Kowalski ↔ Yuki Tanaka,Liam O'Connor ↔ Dariusz Kowalski ↔ Yuki Tanaka,Diego Torres ↔ Dariusz Kowalski ↔ Yuki Tanaka",,,"Georgia Institute of Technology, University of California, San Diego","Engineering, Engineering","Mechanical engineer, Mechanical engineer","Hands-on projects, group work, Hands-on projects, group work","Thermodynamics, Thermodynamics","10 miles, 9 miles","In Person, In Person"
Maria Rodriguez ↔ Tariq Aziz,"Maria Rodriguez,Tariq Aziz",90,100,90,100,70,70,90,,Mei Chen ↔ Maria Rodriguez ↔ Tariq Aziz,,,"Stanford University, University of Miami","Engineering, Engineering","Mechanical engineer, Mechanical engineer","Hands-on projects, group work, Hands-on projects, group work","Thermodynamics, Thermodynamics","9 miles, 10 miles","In Person, In Person"
Mateo Silva ↔ Olivia Wilson,"Mateo Silva,Olivia Wilson",90,100,90,100,70,70,90,,"Nadia Benali ↔ Mateo Silva ↔ Olivia Wilson,Alexei Ivanov ↔ Mateo Silva ↔ Olivia Wilson",,,"Cornell University, University of California, Los Angeles","Engineering, Engineering","Mechanical engineer, Mechanical engineer","Hands-on projects, group work, Hands-on projects, group work","Thermodynamics, Thermodynamics","9 miles, 10 miles","In Person, In Person"
Fatima Al-Farsi ↔ Omar Farouk,"Fatima Al-Farsi,Omar Farouk",90,100,90,100,70,70,90,,,,,"California Institute of Technology (Caltech), Cornell University","Engineering, Engineering","Mechanical engineer, Mechanical engineer","Hands-on projects, group work, Hands-on projects, group work","Thermodynamics, Thermodynamics","10 miles, 9 miles","In Person, In Person"
Ethan Johnson ↔ Sibel Yilmaz,"Ethan Johnson,Sibel Yilmaz",90,100,90,100,70,70,90,,,,,"University of California, San Diego, University of Michigan – Ann Arbor","Engineering, Engineering","Mechanical engineer, Mechanical engineer","Hands-on projects, group work, Hands-on projects, group work","Thermodynamics, Thermodynamics","9 miles, 9 miles","In Person, In Person"
Anna Müller ↔ Victoria Smith,"Anna Müller,Victoria Smith",90,100,90,100,70,70,90,,"Hana Kimura ↔ Anna Müller ↔ Victoria Smith,Sofia Petrova ↔ Anna Müller ↔ Victoria Smith",,,"Cornell University, University of Illinois Urbana–Champaign","Engineering, Engineering","Mechanical engineer, Mechanical engineer","Hands-on projects, group work, Hands-on projects, group work","Thermodynamics, Thermodynamics","10 miles, 9 miles","In Person, In Person"
Alexei Ivanov ↔ Hana Kimura,"Alexei Ivanov,Hana Kimura",90,100,90,100,70,70,90,,"Victoria Smith ↔ Alexei Ivanov ↔ Hana Kimura,Olivia Wilson ↔ Alexei Ivanov ↔ Hana Kimura,Sofia Petrova ↔ Alexei Ivanov ↔ Hana Kimura",,,"University of California, Los Angeles, University of Illinois Urbana–Champaign","Engineering, Engineering","Mechanical engineer, Mechanical engineer","Hands-on projects, group work, Hands-on projects, group work","Thermodynamics, Thermodynamics","9 miles, 10 miles","In Person, In Person"
Anna Müller ↔ Sofia Petrova,"Anna Müller,Sofia Petrova",90,100,90,100,70,70,90,,Hana Kimura ↔ Anna Müller ↔ Sofia Petrova,,,"Cornell University, University of Illinois Urbana–Champaign","Engineering, Engineering","Mechanical engineer, Mechanical engineer","Hands-on projects, group work, Hands-on projects, group work","Thermodynamics, Thermodynamics","10 miles, 10 miles","In Person, In Person"
Ahmed El-Sayed ↔ Samuel Mensah,"Ahmed El-Sayed,Samuel Mensah",90,100,90,100,70,70,90,,"Lucas Oliveira ↔ Ahmed El-Sayed ↔ Samuel Mensah,Aaliyah Mohammed ↔ Ahmed El-Sayed ↔ Samuel Mensah",,,"University of Texas at Austin, Carnegie Mellon University","Engineering, Engineering","Mechanical engineer, Mechanical engineer","Hands-on projects, group work, Hands-on projects, group work","Thermodynamics, Thermodynamics","10 miles, 9 miles","In Person, In Person"
Emily Brown ↔ Sofia Petrova,"Emily Brown,Sofia Petrova",90,100,90,100,70,70,90,,Lucas Martins ↔ Emily Brown ↔ Sofia Petrova,,,"Florida International University, University of Illinois Urbana–Champaign","Engineering, Engineering","Mechanical engineer, Mechanical engineer","Hands-on projects, group work, Hands-on projects, group work","Thermodynamics, Thermodynamics","10 miles, 10 miles","In Person, In Person"
Ivan Horvat ↔ Lina Svensson,"Ivan Horvat,Lina Svensson",90,100,90,100,70,70,90,,,,,"California Institute of Technology (Caltech), California Institute of Technology (Caltech)","Engineering, Engineering","Mechanical engineer, Mechanical engineer","Hands-on projects, group work, Hands-on projects, group work","Thermodynamics, Thermodynamics","10 miles, 10 miles","In Person, In Person"
Aya Nakamura ↔ Fatima Al-Farsi,"Aya Nakamura,Fatima Al-Farsi",90,100,90,100,70,70,90,,Pedro Alvarez ↔ Aya Nakamura ↔ Fatima Al-Farsi,,,"University of Michigan – Ann Arbor, California Institute of Technology (Caltech)","Engineering, Engineering","Mechanical engineer, Mechanical engineer","Hands-on projects, group work, Hands-on projects, group work","Thermodynamics, Thermodynamics","10 miles, 10 miles","In Person, In Person"
Ethan Johnson ↔ Mateo Silva,"Ethan Johnson,Mateo Silva",90,100,90,100,70,70,90,,,,,"University of California, San Diego, Cornell University","Engineering, Engineering","Mechanical engineer, Mechanical engineer","Hands-on projects, group work, Hands-on projects, group work","Thermodynamics, Thermodynamics","9 miles, 9 miles","In Person, In Person"
Ava Williams ↔ Hana Kimura,"Ava Williams,Hana Kimura",90,100,90,100,70,70,90,,"Victoria Smith ↔ Ava Williams ↔ Hana Kimura,Lucas Meyer ↔ Ava Williams ↔ Hana Kimura",,,"University of California, Berkeley, University of Illinois Urbana–Champaign","Engineering, Engineering","Mechanical engineer, Mechanical engineer","Hands-on projects, group work, Hands-on projects, group work","Thermodynamics, Thermodynamics","9 miles, 10 miles","In Person, In Person"
Emily Brown ↔ Santiago Lopez,"Emily Brown,Santiago Lopez",90,100,90,100,70,70,90,,Lucas Meyer ↔ Emily Brown ↔ Santiago Lopez,,,"Florida International University, University of California, Berkeley","Engineering, Engineering","Mechanical engineer, Mechanical engineer","Hands-on projects, group work, Hands-on projects, group work","Thermodynamics, Thermodynamics","10 miles, 10 miles","In Person, In Person"
Aaliyah Mohammed ↔ Maria Rodriguez,"Aaliyah Mohammed,Maria Rodriguez",90,100,90,100,70,70,90,,"Mei Chen ↔ Aaliyah Mohammed ↔ Maria Rodriguez,Samuel Mensah ↔ Aaliyah Mohammed ↔ Maria Rodriguez",,,"Carnegie Mellon University, Stanford University","Engineering, Engineering","Mechanical engineer, Mechanical engineer","Hands-on projects, group work, Hands-on projects, group work","Thermodynamics, Thermodynamics","10 miles, 9 miles","In Person, In Person"
Jacob Green ↔ Yuki Tanaka,"Jacob Green,Yuki Tanaka",90,100,90,100,70,70,90,,Ethan Johnson ↔ Jacob Green ↔ Yuki Tanaka,,,"Cornell University, University of California, San Diego","Engineering, Engineering","Mechanical engineer, Mechanical engineer","Hands-on projects, group work, Hands-on projects, group work","Thermodynamics, Thermodynamics","9 miles, 9 miles","In Person, In Person"
Ethan Johnson ↔ Fatima Al-Farsi,"Ethan Johnson,Fatima Al-Farsi",90,100,90,100,70,70,90,,,,,"University of California, San Diego, California Institute of Technology (Caltech)","Engineering, Engineering","Mechanical engineer, Mechanical engineer","Hands-on projects, group work, Hands-on projects, group work","Thermodynamics, Thermodynamics","9 miles, 10 miles","In Person, In Person"
Jacob Green ↔ Kevin Nguyen,"Jacob Green,Kevin Nguyen",90,100,90,100,70,70,90,,Dariusz Kowalski ↔ Jacob Green ↔ Kevin Nguyen,,,"Cornell University, Georgia Institute of Technology","Engineering, Engineering","Mechanical engineer, Mechanical engineer","Hands-on projects, group work, Hands-on projects, group work","Thermodynamics, Thermodynamics","9 miles, 10 miles","In Person, In Person"
Linh Tran ↔ Omar Farouk,"Linh Tran,Omar Farouk",90,100,90,100,70,70,90,,Ethan Johnson ↔ Linh Tran ↔ Omar Farouk,,,"University of California, San Diego, Cornell University","Engineering, Engineering","Mechanical engineer, Mechanical engineer","Hands-on projects, group work, Hands-on projects, group work","Thermodynamics, Thermodynamics","10 miles, 9 miles","In Person, In Person"
Kevin Nguyen ↔ Mei Chen,"Kevin Nguyen,Mei Chen",90,100,90,100,70,70,90,,"Maria Rodriguez ↔ Kevin Nguyen ↔ Mei Chen,Dariusz Kowalski ↔ Kevin Nguyen ↔ Mei Chen",,,"Georgia Institute of Technology, Stanford University","Engineering, Engineering","Mechanical engineer, Mechanical engineer","Hands-on projects, group work, Hands-on projects, group work","Thermodynamics, Thermodynamics","10 miles, 10 miles","In Person, In Person"
Diego Torres ↔ Kevin Nguyen,"Diego Torres,Kevin Nguyen",90,100,90,100,70,70,90,,,,,"Georgia Institute of Technology, Georgia Institute of Technology","Engineering, Engineering","Mechanical engineer, Mechanical engineer","Hands-on projects, group work, Hands-on projects, group work","Thermodynamics, Thermodynamics","9 miles, 10 miles","In Person, In Person"
Anna Müller ↔ Pedro Alvarez,"Anna Müller,Pedro Alvarez",90,100,90,100,70,70,90,,Aya Nakamura ↔ Anna Müller ↔ Pedro Alvarez,,,"Cornell University, University of Michigan – Ann Arbor","Engineering, Engineering","Mechanical engineer, Mechanical engineer","Hands-on projects, group work, Hands-on projects, group work","Thermodynamics, Thermodynamics","10 miles, 10 miles","In Person, In Person"
Leah Stein ↔ Tomasz Nowak,"Leah Stein,Tomasz Nowak",90,100,90,100,70,70,90,,,,,"Massachusetts Institute of Technology (MIT), Purdue University","Engineering, Engineering","Mechanical engineer, Mechanical engineer","Hands-on projects, group work, Hands-on projects, group work","Thermodynamics, Thermodynamics","10 miles, 10 miles","In Person, In Person"
Ahmed El-Sayed ↔ Anna Müller,"Ahmed El-Sayed,Anna Müller",90,100,90,100,70,70,90,,Lucas Oliveira ↔ Ahmed El-Sayed ↔ Anna Müller,,,"University of Texas at Austin, Cornell University","Engineering, Engineering","Mechanical engineer, Mechanical engineer","Hands-on projects, group work, Hands-on projects, group work","Thermodynamics, Thermodynamics","10 miles, 10 miles","In Person, In Person"
Kevin Nguyen ↔ Sofia Petrova,"Kevin Nguyen,Sofia Petrova",90,100,90,100,70,70,90,,,,,"Georgia Institute of Technology, University of Illinois Urbana–Champaign","Engineering, Engineering","Mechanical engineer, Mechanical engineer","Hands-on projects, group work, Hands-on projects, group work","Thermodynamics, Thermodynamics","10 miles, 10 miles","In Person, In Person"
Diego Torres ↔ Jacob Green,"Diego Torres,Jacob Green",90,100,90,100,70,70,90,,,,,"Georgia Institute of Technology, Cornell University","Engineering, Engineering","Mechanical engineer, Mechanical engineer","Hands-on projects, group work, Hands-on projects, group work","Thermodynamics, Thermodynamics","9 miles, 9 miles","In Person, In Person"
Diego Torres ↔ Leah Stein,"Diego Torres,Leah Stein",90,100,90,100,70,70,90,,,,,"Georgia Institute of Technology, Massachusetts Institute of Technology (MIT)","Engineering, Engineering","Mechanical engineer, Mechanical engineer","Hands-on projects, group work, Hands-on projects, group work","Thermodynamics, Thermodynamics","9 miles, 10 miles","In Person, In Person"
Ava Williams ↔ Kevin Nguyen,"Ava Williams,Kevin Nguyen",90,100,90,100,70,70,90,,Lucas Meyer ↔ Ava Williams ↔ Kevin Nguyen,,,"University of California, Berkeley, Georgia Institute of Technology","Engineering, Engineering","Mechanical engineer, Mechanical engineer","Hands-on projects, group work, Hands-on projects, group work","Thermodynamics, Thermodynamics","9 miles, 10 miles","In Person, In Person"
Mateo Silva ↔ Tomasz Nowak,"Mateo Silva,Tomasz Nowak",90,100,90,100,70,70,90,,Ahmed Hassan ↔ Mateo Silva ↔ Tomasz Nowak,,,"Cornell University, Purdue University","Engineering, Engineering","Mechanical engineer, Mechanical engineer","Hands-on projects, group work, Hands-on projects, group work","Thermodynamics, Thermodynamics","9 miles, 10 miles","In Person, In Person"
Ahmed El-Sayed ↔ Kevin Nguyen,"Ahmed El-Sayed,Kevin Nguyen",90,100,90,100,70,70,90,,,,,"University of Texas at Austin, Georgia Institute of Technology","Engineering, Engineering","Mechanical engineer, Mechanical engineer","Hands-on projects, group work, Hands-on projects, group work","Thermodynamics, Thermodynamics","10 miles, 10 miles","In Person, In Person"
Ahmed El-Sayed ↔ Ava Williams,"Ahmed El-Sayed,Ava Williams",90,100,90,100,70,70,90,,,,,"University of Texas at Austin, University of California, Berkeley","Engineering, Engineering","Mechanical engineer, Mechanical engineer","Hands-on projects, group work, Hands-on projects, group work","Thermodynamics, Thermodynamics","10 miles, 9 miles","In Person, In Person"
Maria Rodriguez ↔ Mei Chen,"Maria Rodriguez,Mei Chen",90,100,90,100,70,70,90,,,,,"Stanford University, Stanford University","Engineering, Engineering","Mechanical engineer, Mechanical engineer","Hands-on projects, group work, Hands-on projects, group work","Thermodynamics, Thermodynamics","9 miles, 10 miles","In Person, In Person"
Dariusz Kowalski ↔ Samuel Mensah,"Dariusz Kowalski,Samuel Mensah",90,100,90,100,70,70,90,,Aaliyah Mohammed ↔ Dariusz Kowalski ↔ Samuel Mensah,,,"Georgia Institute of Technology, Carnegie Mellon University","Engineering, Engineering","Mechanical engineer, Mechanical engineer","Hands-on projects, group work, Hands-on projects, group work","Thermodynamics, Thermodynamics","10 miles, 9 miles","In Person, In Person"
Leah Stein ↔ Mateusz Zielinski,"Leah Stein,Mateusz Zielinski",90,100,90,100,70,70,90,,,,,"Massachusetts Institute of Technology (MIT), University of California, Berkeley","Engineering, Engineering","Mechanical engineer, Mechanical engineer","Hands-on projects, group work, Hands-on projects, group work","Thermodynamics, Thermodynamics","10 miles, 10 miles","In Person, In Person"
Ahmed Hassan ↔ Aya Nakamura,"Ahmed Hassan,Aya Nakamura",90,100,90,100,70,70,90,,"Pedro Alvarez ↔ Ahmed Hassan ↔ Aya Nakamura,Sibel Yilmaz ↔ Ahmed Hassan ↔ Aya Nakamura",,,"Purdue University, University of Michigan – Ann Arbor","Engineering, Engineering","Mechanical engineer, Mechanical engineer","Hands-on projects, group work, Hands-on projects, group work","Thermodynamics, Thermodynamics","9 miles, 10 miles","In Person, In Person"
Anna Müller ↔ Dariusz Kowalski,"Anna Müller,Dariusz Kowalski",90,100,90,100,70,70,90,,,,,"Cornell University, Georgia Institute of Technology","Engineering, Engineering","Mechanical engineer, Mechanical engineer","Hands-on projects, group work, Hands-on projects, group work","Thermodynamics, Thermodynamics","10 miles, 10 miles","In Person, In Person"
Mateusz Zielinski ↔ Sofia Garcia,"Mateusz Zielinski,Sofia Garcia",90,100,90,100,70,70,90,,"Emily Brown ↔ Mateusz Zielinski ↔ Sofia Garcia,Ava Williams ↔ Mateusz Zielinski ↔ Sofia Garcia,Helena Costa ↔ Mateusz Zielinski ↔ Sofia Garcia",,,"University of California, Berkeley, Florida International University","Engineering, Engineering","Mechanical engineer, Mechanical engineer","Hands-on projects, group work, Hands-on projects, group work","Thermodynamics, Thermodynamics","10 miles, 9 miles","In Person, In Person"
Aaliyah Mohammed ↔ Victoria Smith,"Aaliyah Mohammed,Victoria Smith",90,100,90,100,70,70,90,,Samuel Mensah ↔ Aaliyah Mohammed ↔ Victoria Smith,,,"Carnegie Mellon University, University of Illinois Urbana–Champaign","Engineering, Engineering","Mechanical engineer, Mechanical engineer","Hands-on projects, group work, Hands-on projects, group work","Thermodynamics, Thermodynamics","10 miles, 9 miles","In Person, In Person"
Alexei Ivanov ↔ Sofia Petrova,"Alexei Ivanov,Sofia Petrova",90,100,90,100,70,70,90,,Olivia Wilson ↔ Alexei Ivanov ↔ Sofia Petrova,,,"University of California, Los Angeles, University of Illinois Urbana–Champaign","Engineering, Engineering","Mechanical engineer, Mechanical engineer","Hands-on projects, group work, Hands-on projects, group work","Thermodynamics, Thermodynamics","9 miles, 10 miles","In Person, In Person"
Emily Brown ↔ Samuel Mensah,"Emily Brown,Samuel Mensah",90,100,90,100,70,70,90,,"Sofia Garcia ↔ Emily Brown ↔ Samuel Mensah,Aaliyah Mohammed ↔ Emily Brown ↔ Samuel Mensah,Helena Costa ↔ Emily Brown ↔ Samuel Mensah",,,"Florida International University, Carnegie Mellon University","Engineering, Engineering","Mechanical engineer, Mechanical engineer","Hands-on projects, group work, Hands-on projects, group work","Thermodynamics, Thermodynamics","10 miles, 9 miles","In Person, In Person"
Ahmed El-Sayed ↔ Olivia Wilson,"Ahmed El-Sayed,Olivia Wilson",90,100,90,100,70,70,90,,,,,"University of Texas at Austin, University of California, Los Angeles","Engineering, Engineering","Mechanical engineer, Mechanical engineer","Hands-on projects, group work, Hands-on projects, group work","Thermodynamics, Thermodynamics","10 miles, 10 miles","In Person, In Person"
Hana Kimura ↔ Kevin Nguyen,"Hana Kimura,Kevin Nguyen",90,100,90,100,70,70,90,,,,,"University of Illinois Urbana–Champaign, Georgia Institute of Technology","Engineering, Engineering","Mechanical engineer, Mechanical engineer","Hands-on projects, group work, Hands-on projects, group work","Thermodynamics, Thermodynamics","10 miles, 10 miles","In Person, In Person"
Fatima Al-Farsi ↔ Mateo Silva,"Fatima Al-Farsi,Mateo Silva",90,100,90,100,70,70,90,,,,,"California Institute of Technology (Caltech), Cornell University","Engineering, Engineering","Mechanical engineer, Mechanical engineer","Hands-on projects, group work, Hands-on projects, group work","Thermodynamics, Thermodynamics","10 miles, 9 miles","In Person, In Person"
Aaliyah Mohammed ↔ Alexei Ivanov,"Aaliyah Mohammed,Alexei Ivanov",90,100,90,100,70,70,90,,Samuel Mensah ↔ Aaliyah Mohammed ↔ Alexei Ivanov,,,"Carnegie Mellon University, University of California, Los Angeles","Engineering, Engineering","Mechanical engineer, Mechanical engineer","Hands-on projects, group work, Hands-on projects, group work","Thermodynamics, Thermodynamics","10 miles, 9 miles","In Person, In Person"
Linh Tran ↔ Pedro Alvarez,"Linh Tran,Pedro Alvarez",90,100,90,100,70,70,90,,Aya Nakamura ↔ Linh Tran ↔ Pedro Alvarez,,,"University of California, San Diego, University of Michigan – Ann Arbor","Engineering, Engineering","Mechanical engineer, Mechanical engineer","Hands-on projects, group work, Hands-on projects, group work","Thermodynamics, Thermodynamics","10 miles, 10 miles","In Person, In Person"
Diego Torres ↔ Nadia Benali,"Diego Torres,Nadia Benali",90,100,90,100,70,70,90,,Alexei Ivanov ↔ Diego Torres ↔ Nadia Benali,,,"Georgia Institute of Technology, University of California, Los Angeles","Engineering, Engineering","Mechanical engineer, Mechanical engineer","Hands-on projects, group work, Hands-on projects, group work","Thermodynamics, Thermodynamics","9 miles, 9 miles","In Person, In Person"
Mateo Silva ↔ Tariq Aziz,"Mateo Silva,Tariq Aziz",90,100,90,100,70,70,90,,,,,"Cornell University, University of Miami","Engineering, Engineering","Mechanical engineer, Mechanical engineer","Hands-on projects, group work, Hands-on projects, group work","Thermodynamics, Thermodynamics","9 miles, 10 miles","In Person, In Person"
Aya Nakamura ↔ Liam O'Connor,"Aya Nakamura,Liam O'Connor",90,100,90,100,70,70,90,,Sibel Yilmaz ↔ Aya Nakamura ↔ Liam O'Connor,,,"University of Michigan – Ann Arbor, Georgia Institute of Technology","Engineering, Engineering","Mechanical engineer, Mechanical engineer","Hands-on projects, group work, Hands-on projects, group work","Thermodynamics, Thermodynamics","10 miles, 9 miles","In Person, In Person"
Helena Costa ↔ Mateo Silva,"Helena Costa,Mateo Silva",90,100,90,100,70,70,90,,Sofia Garcia ↔ Helena Costa ↔ Mateo Silva,,,"Florida International University, Cornell University","Engineering, Engineering","Mechanical engineer, Mechanical engineer","Hands-on projects, group work, Hands-on projects, group work","Thermodynamics, Thermodynamics","9 miles, 9 miles","In Person, In Person"
Ava Williams ↔ Olivia Wilson,"Ava Williams,Olivia Wilson",90,100,90,100,70,70,90,,,,,"University of California, Berkeley, University of California, Los Angeles","Engineering, Engineering","Mechanical engineer, Mechanical engineer","Hands-on projects, group work, Hands-on projects, group work","Thermodynamics, Thermodynamics","9 miles, 10 miles","In Person, In Person"
Kevin Nguyen ↔ Tomasz Nowak,"Kevin Nguyen,Tomasz Nowak",90,100,90,100,70,70,90,,,,,"Georgia Institute of Technology, Purdue University","Engineering, Engineering","Mechanical engineer, Mechanical engineer","Hands-on projects, group work, Hands-on projects, group work","Thermodynamics, Thermodynamics","10 miles, 10 miles","In Person, In Person"
Dariusz Kowalski ↔ Jacob Green,"Dariusz Kowalski,Jacob Green",90,100,90,100,70,70,90,,,,,"Georgia Institute of Technology, Cornell University","Engineering, Engineering","Mechanical engineer, Mechanical engineer","Hands-on projects, group work, Hands-on projects, group work","Thermodynamics, Thermodynamics","10 miles, 9 miles","In Person, In Person"
Kevin Nguyen ↔ Leah Stein,"Kevin Nguyen,Leah Stein",90,100,90,100,70,70,90,,,,,"Georgia Institute of Technology, Massachusetts Institute of Technology (MIT)","Engineering, Engineering","Mechanical engineer, Mechanical engineer","Hands-on projects, group work, Hands-on projects, group work","Thermodynamics, Thermodynamics","10 miles, 10 miles","In Person, In Person"
Hana Kimura ↔ Victoria Smith,"Hana Kimura,Victoria Smith",90,100,90,100,70,70,90,,,,,"University of Illinois Urbana–Champaign, University of Illinois Urbana–Champaign","Engineering, Engineering","Mechanical engineer, Mechanical engineer","Hands-on projects, group work, Hands-on projects, group work","Thermodynamics, Thermodynamics","10 miles, 9 miles","In Person, In Person"
Ahmed Hassan ↔ Tariq Aziz,"Ahmed Hassan,Tariq Aziz",90,100,90,100,70,70,90,,,,,"Purdue University, University of Miami","Engineering, Engineering","Mechanical engineer, Mechanical engineer","Hands-on projects, group work, Hands-on projects, group work","Thermodynamics, Thermodynamics","9 miles, 10 miles","In Person, In Person"
Leah Stein ↔ Mateo Silva,"Leah Stein,Mateo Silva",90,100,90,100,70,70,90,,,,,"Massachusetts Institute of Technology (MIT), Cornell University","Engineering, Engineering","Mechanical engineer, Mechanical engineer","Hands-on projects, group work, Hands-on projects, group work","Thermodynamics, Thermodynamics","10 miles, 9 miles","In Person, In Person"
Lina Svensson ↔ Sofia Petrova,"Lina Svensson,Sofia Petrova",90,100,90,100,70,70,90,,,,,"California Institute of Technology (Caltech), University of Illinois Urbana–Champaign","Engineering, Engineering","Mechanical engineer, Mechanical engineer","Hands-on projects, group work, Hands-on projects, group work","Thermodynamics, Thermodynamics","10 miles, 10 miles","In Person, In Person"
Mateusz Zielinski ↔ Olivia Wilson,"Mateusz Zielinski,Olivia Wilson",90,100,90,100,70,70,90,,,,,"University of California, Berkeley, University of California, Los Angeles","Engineering, Engineering","Mechanical engineer, Mechanical engineer","Hands-on projects, group work, Hands-on projects, group work","Thermodynamics, Thermodynamics","10 miles, 10 miles","In Person, In Person"
Diego Torres ↔ Omar Farouk,"Diego Torres,Omar Farouk",90,100,90,100,70,70,90,,,,,"Georgia Institute of Technology, Cornell University","Engineering, Engineering","Mechanical engineer, Mechanical engineer","Hands-on projects, group work, Hands-on projects, group work","Thermodynamics, Thermodynamics","9 miles, 9 miles","In Person, In Person"
Mateo Silva ↔ Sofia Garcia,"Mateo Silva,Sofia Garcia",90,100,90,100,70,70,90,,Helena Costa ↔ Mateo Silva ↔ Sofia Garcia,,,"Cornell University, Florida International University","Engineering, Engineering","Mechanical engineer, Mechanical engineer","Hands-on projects, group work, Hands-on projects, group work","Thermodynamics, Thermodynamics","9 miles, 9 miles","In Person, In Person"
Maria Rodriguez ↔ Sofia Petrova,"Maria Rodriguez,Sofia Petrova",90,100,90,100,70,70,90,,Mei Chen ↔ Maria Rodriguez ↔ Sofia Petrova,,,"Stanford University, University of Illinois Urbana–Champaign","Engineering, Engineering","Mechanical engineer, Mechanical engineer","Hands-on projects, group work, Hands-on projects, group work","Thermodynamics, Thermodynamics","9 miles, 10 miles","In Person, In Person"
Ethan Johnson ↔ Nadia Benali,"Ethan Johnson,Nadia Benali",90,100,90,100,70,70,90,,,,,"University of California, San Diego, University of California, Los Angeles","Engineering, Engineering","Mechanical engineer, Mechanical engineer","Hands-on projects, group work, Hands-on projects, group work","Thermodynamics, Thermodynamics","9 miles, 9 miles","In Person, In Person"
Anna Müller ↔ Mateusz Zielinski,"Anna Müller,Mateusz Zielinski",90,100,90,100,70,70,90,,,,,"Cornell University, University of California, Berkeley","Engineering, Engineering","Mechanical engineer, Mechanical engineer","Hands-on projects, group work, Hands-on projects, group work","Thermodynamics, Thermodynamics","10 miles, 10 miles","In Person, In Person"
Ahmed Hassan ↔ Nadia Benali,"Ahmed Hassan,Nadia Benali",90,100,90,100,70,70,90,,,,,"Purdue University, University of California, Los Angeles","Engineering, Engineering","Mechanical engineer, Mechanical engineer","Hands-on projects, group work, Hands-on projects, group work","Thermodynamics, Thermodynamics","9 miles, 9 miles","In Person, In Person"
Aaliyah Mohammed ↔ Leah Stein,"Aaliyah Mohammed,Leah Stein",90,100,90,100,70,70,90,,,,,"Carnegie Mellon University, Massachusetts Institute of Technology (MIT)","Engineering, Engineering","Mechanical engineer, Mechanical engineer","Hands-on projects, group work, Hands-on projects, group work","Thermodynamics, Thermodynamics","10 miles, 10 miles","In Person, In Person"
Aya Nakamura ↔ Sofia Garcia,"Aya Nakamura,Sofia Garcia",90,100,90,100,70,70,90,,Emily Brown ↔ Aya Nakamura ↔ Sofia Garcia,,,"University of Michigan – Ann Arbor, Florida International University","Engineering, Engineering","Mechanical engineer, Mechanical engineer","Hands-on projects, group work, Hands-on projects, group work","Thermodynamics, Thermodynamics","10 miles, 9 miles","In Person, In Person"
Liam O'Connor ↔ Mateo Silva,"Liam O'Connor,Mateo Silva",90,100,90,100,70,70,90,,,,,"Georgia Institute of Technology, Cornell University","Engineering, Engineering","Mechanical engineer, Mechanical engineer","Hands-on projects, group work, Hands-on projects, group work","Thermodynamics, Thermodynamics","9 miles, 9 miles","In Person, In Person"
Lina Svensson ↔ Nadia Benali,"Lina Svensson,Nadia Benali",90,100,90,100,70,70,90,,,,,"California Institute of Technology (Caltech), University of California, Los Angeles","Engineering, Engineering","Mechanical engineer, Mechanical engineer","Hands-on projects, group work, Hands-on projects, group work","Thermodynamics, Thermodynamics","10 miles, 9 miles","In Person, In Person"
Ahmed El-Sayed ↔ Lina Svensson,"Ahmed El-Sayed,Lina Svensson",90,100,90,100,70,70,90,,,,,"University of Texas at Austin, California Institute of Technology (Caltech)","Engineering, Engineering","Mechanical engineer, Mechanical engineer","Hands-on projects, group work, Hands-on projects, group work","Thermodynamics, Thermodynamics","10 miles, 10 miles","In Person, In Person"
Helena Costa ↔ Samantha Evans,"Helena Costa,Samantha Evans",90,100,90,100,70,70,90,,"Ahmed Hassan ↔ Helena Costa ↔ Samantha Evans,Sofia Garcia ↔ Helena Costa ↔ Samantha Evans,Emily Brown ↔ Helena Costa ↔ Samantha Evans",,,"Florida International University, Purdue University","Engineering, Engineering","Mechanical engineer, Mechanical engineer","Hands-on projects, group work, Hands-on projects, group work","Thermodynamics, Thermodynamics","9 miles, 10 miles","In Person, In Person"
Ivan Horvat ↔ Tariq Aziz,"Ivan Horvat,Tariq Aziz",90,100,90,100,70,70,90,,,,,"California Institute of Technology (Caltech), University of Miami","Engineering, Engineering","Mechanical engineer, Mechanical engineer","Hands-on projects, group work, Hands-on projects, group work","Thermodynamics, Thermodynamics","10 miles, 10 miles","In Person, In Person"
Ahmed El-Sayed ↔ Liam O'Connor,"Ahmed El-Sayed,Liam O'Connor",90,100,90,100,70,70,90,,,,,"University of Texas at Austin, Georgia Institute of Technology","Engineering, Engineering","Mechanical engineer, Mechanical engineer","Hands-on projects, group work, Hands-on projects, group work","Thermodynamics, Thermodynamics","10 miles, 9 miles","In Person, In Person"
Mateusz Zielinski ↔ Tomasz Nowak,"Mateusz Zielinski,Tomasz Nowak",90,100,90,100,70,70,90,,,,,"University of California, Berkeley, Purdue University","Engineering, Engineering","Mechanical engineer, Mechanical engineer","Hands-on projects, group work, Hands-on projects, group work","Thermodynamics, Thermodynamics","10 miles, 10 miles","In Person, In Person"
Diego Torres ↔ Tariq Aziz,"Diego Torres,Tariq Aziz",90,100,90,100,70,70,90,,,,,"Georgia Institute of Technology, University of Miami","Engineering, Engineering","Mechanical engineer, Mechanical engineer","Hands-on projects, group work, Hands-on projects, group work","Thermodynamics, Thermodynamics","9 miles, 10 miles","In Person, In Person"
Alexei Ivanov ↔ Samuel Mensah,"Alexei Ivanov,Samuel Mensah",90,100,90,100,70,70,90,,,,,"University of California, Los Angeles, Carnegie Mellon University","Engineering, Engineering","Mechanical engineer, Mechanical engineer","Hands-on projects, group work, Hands-on projects, group work","Thermodynamics, Thermodynamics","9 miles, 9 miles","In Person, In Person"
Alexei Ivanov ↔ Mateo Silva,"Alexei Ivanov,Mateo Silva",90,100,90,100,70,70,90,,,,,"University of California, Los Angeles, Cornell University","Engineering, Engineering","Mechanical engineer, Mechanical engineer","Hands-on projects, group work, Hands-on projects, group work","Thermodynamics, Thermodynamics","9 miles, 9 miles","In Person, In Person"
Ahmed El-Sayed ↔ Alexei Ivanov,"Ahmed El-Sayed,Alexei Ivanov",90,100,90,100,70,70,90,,,,,"University of Texas at Austin, University of California, Los Angeles","Engineering, Engineering","Mechanical engineer, Mechanical engineer","Hands-on projects, group work, Hands-on projects, group work","Thermodynamics, Thermodynamics","10 miles, 9 miles","In Person, In Person"
Aya Nakamura ↔ Santiago Lopez,"Aya Nakamura,Santiago Lopez",90,100,90,100,70,70,90,,,,,"University of Michigan – Ann Arbor, University of California, Berkeley","Engineering, Engineering","Mechanical engineer, Mechanical engineer","Hands-on projects, group work, Hands-on projects, group work","Thermodynamics, Thermodynamics","10 miles, 10 miles","In Person, In Person"
Mei Chen ↔ Nadia Benali,"Mei Chen,Nadia Benali",90,100,90,100,70,70,90,,Maria Rodriguez ↔ Mei Chen ↔ Nadia Benali,,,"Stanford University, University of California, Los Angeles","Engineering, Engineering","Mechanical engineer, Mechanical engineer","Hands-on projects, group work, Hands-on projects, group work","Thermodynamics, Thermodynamics","10 miles, 9 miles","In Person, In Person"
Ahmed Hassan ↔ Lina Svensson,"Ahmed Hassan,Lina Svensson",90,100,90,100,70,70,90,,,,,"Purdue University, California Institute of Technology (Caltech)","Engineering, Engineering","Mechanical engineer, Mechanical engineer","Hands-on projects, group work, Hands-on projects, group work","Thermodynamics, Thermodynamics","9 miles, 10 miles","In Person, In Person"
Aaliyah Mohammed ↔ Olivia Wilson,"Aaliyah Mohammed,Olivia Wilson",90,100,90,100,70,70,90,,,,,"Carnegie Mellon University, University of California, Los Angeles","Engineering, Engineering","Mechanical engineer, Mechanical engineer","Hands-on projects, group work, Hands-on projects, group work","Thermodynamics, Thermodynamics","10 miles, 10 miles","In Person, In Person"
Lucas Meyer ↔ Omar Farouk,"Lucas Meyer,Omar Farouk",90,100,90,100,70,70,90,,Ava Williams ↔ Lucas Meyer ↔ Omar Farouk,,,"University of California, Berkeley, Cornell University","Engineering, Engineering","Mechanical engineer, Mechanical engineer","Hands-on projects, group work, Hands-on projects, group work","Thermodynamics, Thermodynamics","10 miles, 9 miles","In Person, In Person"
Lina Svensson ↔ Tomasz Nowak,"Lina Svensson,Tomasz Nowak",90,100,90,100,70,70,90,,,,,"California Institute of Technology (Caltech), Purdue University","Engineering, Engineering","Mechanical engineer, Mechanical engineer","Hands-on projects, group work, Hands-on projects, group work","Thermodynamics, Thermodynamics","10 miles, 10 miles","In Person, In Person"
Ahmed Hassan ↔ Maria Rodriguez,"Ahmed Hassan,Maria Rodriguez",90,100,90,100,70,70,90,,,,,"Purdue University, Stanford University","Engineering, Engineering","Mechanical engineer, Mechanical engineer","Hands-on projects, group work, Hands-on projects, group work","Thermodynamics, Thermodynamics","9 miles, 9 miles","In Person, In Person"
Ahmed El-Sayed ↔ Mei Chen,"Ahmed El-Sayed,Mei Chen",90,100,90,100,70,70,90,,Maria Rodriguez ↔ Ahmed El-Sayed ↔ Mei Chen,,,"University of Texas at Austin, Stanford University","Engineering, Engineering","Mechanical engineer, Mechanical engineer","Hands-on projects, group work, Hands-on projects, group work","Thermodynamics, Thermodynamics","10 miles, 10 miles","In Person, In Person"
Kevin Nguyen ↔ Linh Tran,"Kevin Nguyen,Linh Tran",90,100,90,100,70,70,90,,,,,"Georgia Institute of Technology, University of California, San Diego","Engineering, Engineering","Mechanical engineer, Mechanical engineer","Hands-on projects, group work, Hands-on projects, group work","Thermodynamics, Thermodynamics","10 miles, 10 miles","In Person, In Person"
Kevin Nguyen ↔ Pedro Alvarez,"Kevin Nguyen,Pedro Alvarez",90,100,90,100,70,70,90,,,,,"Georgia Institute of Technology, University of Michigan – Ann Arbor","Engineering, Engineering","Mechanical engineer, Mechanical engineer","Hands-on projects, group work, Hands-on projects, group work","Thermodynamics, Thermodynamics","10 miles, 10 miles","In Person, In Person"
Linh Tran ↔ Samantha Evans,"Linh Tran,Samantha Evans",90,100,90,100,70,70,90,,,,,"University of California, San Diego, Purdue University","Engineering, Engineering","Mechanical engineer, Mechanical engineer","Hands-on projects, group work, Hands-on projects, group work","Thermodynamics, Thermodynamics","10 miles, 10 miles","In Person, In Person"
Ahmed Hassan ↔ Dariusz Kowalski,"Ahmed Hassan,Dariusz Kowalski",90,100,90,100,70,70,90,,,,,"Purdue University, Georgia Institute of Technology","Engineering, Engineering","Mechanical engineer, Mechanical engineer","Hands-on projects, group work, Hands-on projects, group work","Thermodynamics, Thermodynamics","9 miles, 10 miles","In Person, In Person"
Alexei Ivanov ↔ Diego Torres,"Alexei Ivanov,Diego Torres",90,100,90,100,70,70,90,,,,,"University of California, Los Angeles, Georgia Institute of Technology","Engineering, Engineering","Mechanical engineer, Mechanical engineer","Hands-on projects, group work, Hands-on projects, group work","Thermodynamics, Thermodynamics","9 miles, 9 miles","In Person, In Person"
Ethan Johnson ↔ Samuel Mensah,"Ethan Johnson,Samuel Mensah",90,100,90,100,70,70,90,,,,,"University of California, San Diego, Carnegie Mellon University","Engineering, Engineering","Mechanical engineer, Mechanical engineer","Hands-on projects, group work, Hands-on projects, group work","Thermodynamics, Thermodynamics","9 miles, 9 miles","In Person, In Person"
Lucas Meyer ↔ Mateo Silva,"Lucas Meyer,Mateo Silva",90,100,90,100,70,70,90,,,,,"University of California, Berkeley, Cornell University","Engineering, Engineering","Mechanical engineer, Mechanical engineer","Hands-on projects, group work, Hands-on projects, group work","Thermodynamics, Thermodynamics","10 miles, 9 miles","In Person, In Person"
Emily Brown ↔ Lucas Meyer,"Emily Brown,Lucas Meyer",90,100,90,100,70,70,90,,,,,"Florida International University, University of California, Berkeley","Engineering, Engineering","Mechanical engineer, Mechanical engineer","Hands-on projects, group work, Hands-on projects, group work","Thermodynamics, Thermodynamics","10 miles, 10 miles","In Person, In Person"
Maria Lopez ↔ Tobias Hahn,"Maria Lopez,Tobias Hahn",95,100,90,100,80,80,70,,,,,"Georgia Institute of Technology, Massachusetts Institute of Technology (MIT)","Mechanical Engineering, Mechanical Engineering","Design sustainable vehicles, Design sustainable vehicles","Likes solo study, visual learner, Likes solo study, visual learner",Struggles with thermodynamics,"8 miles, 8 miles","Online, Hybrid"